17109,no,0,1,0,1,1,2,0,0.37781,4,3,1,0,0,2,2,3,0.62219
17110,no,4,1,1,0.375,0,1,2,0.90335,3,6,4,1,1,1,1,2,0.09665
17111,no,2,1,0,0.875,0,2,0,0.61863,5,2,2,1,1,2,1,3,0.38137
17112,no,2,1,0,0.875,0,2,0,0.87063,5,2,2,1,1,2,1,3,0.12937
17113,no,2,1,0,0.875,0,2,0,0.87046,5,7,2,1,1,2,1,3,0.12954
17114,no,0,1,0,1,1,2,0,0.86257,5,7,1,0,0,2,2,3,0.13743
17115,no,2,1,0,0.875,0,2,0,0.91051,5,2,2,1,1,2,1,3,0.08949
17116,no,0,0,0,0,0,2,0,0.66487,3,5,0,1,1,0,0,2,0.33513
17117,no,0,0,0,0,0,2,0,0.37204,3,2,0,1,1,0,0,2,0.62796
17118,no,0,0,0,0,0,2,0,0.83676,3,5,0,1,1,0,0,2,0.16324
17119,no,0,1,0,0.875,1,1,0,0.83581,9,5,1,0,0,2,2,2,0.16419
17120,no,0,1,0,0.875,1,1,0,0.67829,9,5,1,0,0,2,2,2,0.32171
17121,no,0,1,0,0.875,1,1,0,0.65024,9,5,1,0,0,2,2,2,0.34976
17122,no,0,1,0,0.875,1,1,0,0.94651,9,5,1,0,0,2,2,2,0.05349
17123,no,0,1,0,0.875,1,1,0,0.72014,9,5,1,0,0,2,2,2,0.27986
17124,no,0,1,0,0.875,1,1,0,0.92137,9,5,1,0,0,2,2,2,0.07863
17125,no,0,1,0,0.875,1,1,0,0.71366,9,5,1,0,0,2,2,2,0.28634
17126,no,0,0,0,0,0,1,0,0,0,0,0,0,0,0,0,1,1
17127,no,0,1,0,0.875,1,1,0,0.94331,9,5,1,0,0,2,2,2,0.05669
17128,no,0,0,0,0,0,5,0,0.90511,11,5,0,1,1,0,0,5,0.09489
17129,no,0,0,0,0,0,1,0,0.89328,17,4,0,1,1,0,0,1,0.10672
17130,no,0,0,0,0,0,1,0,0.98747,17,2,0,1,1,0,0,1,0.01253
17131,no,0,0,0,0,0,1,0,0.43715,17,6,0,1,1,0,0,1,0.56285
17132,no,0,0,0,0,0,1,0,0.44435,32,2,0,1,1,0,0,1,0.55565
17133,no,0,0,0,0,0,1,0,0.39886,32,2,0,1,1,0,0,1,0.60114
17134,no,0,0,0,0,0,1,0,0.74889,32,2,0,1,1,0,0,1,0.25111
17135,no,0,0,0,0,0,1,0,0.7783,32,7,0,1,1,0,0,1,0.2217
17136,no,0,0,0,0,0,1,0,0.74968,32,2,0,1,1,0,0,1,0.25032
17137,no,0,0,0,0,0,1,0,0.7298,32,7,0,1,1,0,0,1,0.2702
17138,no,0,0,0,0,0,1,0,0.91688,32,7,0,1,1,0,0,1,0.08312
17139,no,0,0,0,0,0,1,0,0.70608,32,2,0,1,1,0,0,1,0.29392
17140,no,0,0,0,0,0,1,0,0.9595,32,6,0,1,1,0,0,1,0.0405
17141,no,0,0,0,0,0,1,0,0.88509,32,6,0,1,1,0,0,1,0.11491
17142,no,0,0,0,0,0,5,0,0.65067,11,7,0,1,1,0,0,5,0.34933
17143,no,0,0,0,0,0,5,0,0.71215,11,5,0,1,1,0,0,5,0.28785
17144,no,0,0,0,0,0,2,0,0.90139,4,6,0,1,1,0,0,2,0.09861
17145,no,0,0,0,0,0,2,0,0.87621,4,5,0,1,1,0,0,2,0.12379
17146,no,0,0,0,0,0,5,0,0.44005,11,7,0,1,1,0,0,5,0.55995
17147,no,0,0,0,0,0,5,0,0.38459,11,7,0,1,1,0,0,5,0.61541
17148,no,0,0,0,0,0,5,0,0.72858,11,5,0,1,1,0,0,5,0.27142
17149,no,0,0,0,0,0,5,0,0.95946,11,5,0,1,1,0,0,5,0.04054
17150,no,0,0,0,0,0,2,0,0.91957,4,5,0,1,1,0,0,2,0.08043
17151,no,0,0,0,0,0,2,0,0.98323,4,2,0,1,1,0,0,2,0.01677
17152,no,0,0,0,0,0,5,0,0.89821,11,5,0,1,1,0,0,5,0.10179
17153,no,0,0,0,0,0,5,0,0.85419,11,5,0,1,1,0,0,5,0.14581
17154,no,0,0,0,0,0,1,0,0.41082,7,6,0,1,1,0,0,1,0.58918
17155,no,0,0,0,0,0,1,0,0.87469,7,6,0,1,1,0,0,1,0.12531
17156,no,0,0,0,0,0,1,0,0.97791,7,5,0,1,1,0,0,1,0.02209
17157,no,0,0,0,0,0,1,0,0.88333,7,5,0,1,1,0,0,1,0.11667
17158,no,0,0,0,0,0,1,0,0.72827,7,6,0,1,1,0,0,1,0.27173
17159,no,0,0,0,0,0,1,0,0.80172,7,5,0,1,1,0,0,1,0.19828
17160,no,0,0,0,0,0,1,0,0.49052,7,5,0,1,1,0,0,1,0.50948
17161,no,0,0,0,0,0,1,0,0.53053,14,1,0,1,1,0,0,1,0.46947
17162,no,0,0,0,0,0,1,0,0.84301,14,2,0,1,1,0,0,1,0.15699
17163,no,0,0,0,0,0,1,0,0.97801,14,2,0,1,1,0,0,1,0.02199
17164,no,0,0,0,0,0,1,0,0.97654,14,2,0,1,1,0,0,1,0.02346
17165,no,0,0,0,0,0,1,0,0.9301,14,6,0,1,1,0,0,1,0.0699
17166,no,0,1,0,1,1,2,0,0.95286,8,4,1,0,0,2,2,3,0.04714
17167,no,0,1,0,1,1,2,0,0.65417,8,2,1,0,0,2,2,3,0.34583
17168,no,0,1,0,1,1,2,0,0.73884,8,2,1,0,0,2,2,3,0.26116
17169,no,0,1,0,1,1,2,0,0.95859,8,1,1,0,0,2,2,3,0.04141
17170,no,0,1,0,1,1,2,0,0.55586,8,2,1,0,0,2,2,3,0.44414
17171,no,0,1,0,1,1,2,0,0.42717,8,2,1,0,0,2,2,3,0.57283
17172,no,0,1,0,1,1,2,0,0.81309,8,2,1,0,0,2,2,3,0.18691
17173,no,0,1,0,1,1,2,0,0.913,8,2,1,0,0,2,2,3,0.087
17174,no,0,0,0,0,0,2,0,0.56969,4,5,0,1,1,0,0,2,0.43031
17175,no,0,0,0,0,0,2,0,0.47233,4,5,0,1,1,0,0,2,0.52767
17176,no,0,0,0,0,0,2,0,0.84684,4,2,0,1,1,0,0,2,0.15316
17177,no,0,0,0,0,0,2,0,0.60462,4,6,0,1,1,0,0,2,0.39538
17178,no,0,0,0,0,0,1,0,0.9701,9,2,0,1,1,0,0,1,0.0299
17179,no,0,0,0,0,0,1,0,0.98277,9,2,0,1,1,0,0,1,0.01723
17180,no,0,0,0,0,0,1,0,0.60672,9,1,0,1,1,0,0,1,0.39328
17181,no,0,0,0,0,0,1,0,0.51038,9,1,0,1,1,0,0,1,0.48962
17182,no,0,0,0,0,0,1,0,0.58057,9,4,0,1,1,0,0,1,0.41943
17183,no,0,0,0,0,0,1,0,0.80982,9,5,0,1,1,0,0,1,0.19018
17184,no,0,0,0,0,0,1,0,0.87082,9,5,0,1,1,0,0,1,0.12918
17185,no,0,0,0,0,0,1,0,0.90181,9,6,0,1,1,0,0,1,0.09819
17186,no,0,0,0,0,0,1,0,0.98402,9,6,0,1,1,0,0,1,0.01598
17187,no,0,0,0,0,0,2,0,0.92385,11,1,0,1,1,0,0,2,0.07615
17188,no,0,0,0,0,0,2,0,0.83825,11,2,0,1,1,0,0,2,0.16175
17189,no,0,0,0,0,0,2,0,0.99906,11,2,0,1,1,0,0,2,0.00094
17190,no,8,1,0,0.625,0,2,8,0.76423,11,4,8,1,1,2,1,3,0.23577
17191,no,4,1,0,1,0,2,4,0.59833,11,2,4,1,1,2,1,3,0.40167
17192,no,8,1,0,0.625,0,2,8,0.83702,11,2,8,1,1,2,1,3,0.16298
17193,no,3,1,0,1,0,1,3,0.82876,18,6,3,1,1,2,1,2,0.17124
17194,no,3,1,0,1,0,1,3,0.83481,18,6,3,1,1,2,1,2,0.16519
17195,no,3,1,0,1,0,1,3,0.96716,18,6,3,1,1,2,1,2,0.03284
17196,no,0,0,0,0,0,2,0,0.80946,11,2,0,1,1,0,0,2,0.19054
17197,no,0,0,0,0,0,2,0,0.9818,11,2,0,1,1,0,0,2,0.0182
17198,no,0,0,0,0,0,2,0,0.98267,11,2,0,1,1,0,0,2,0.01733
17199,no,0,0,0,0,0,2,0,0.97815,11,2,0,1,1,0,0,2,0.02185
17200,no,0,0,0,0,0,2,0,0.59993,11,1,0,1,1,0,0,2,0.40007
17201,no,0,0,0,0,0,2,0,0.90774,11,1,0,1,1,0,0,2,0.09226
17202,no,0,0,0,0,0,2,0,0.93584,11,4,0,1,1,0,0,2,0.06416
17203,no,0,0,0,0,0,2,0,0.96674,11,2,0,1,1,0,0,2,0.03326
17204,no,0,1,1,0,1,2,0,0.88787,1,2,1,0,0,1,2,3,0.11213
17205,no,0,0,0,0,0,1,0,0.8536,33,5,0,1,1,0,0,1,0.1464
17206,no,0,0,0,0,0,1,0,0.73512,33,5,0,1,1,0,0,1,0.26488
17207,no,0,0,0,0,0,1,0,0.55321,33,6,0,1,1,0,0,1,0.44679
17208,no,0,0,0,0,0,1,0,0.25343,33,7,0,1,1,0,0,1,0.74657
17209,no,0,0,0,0,0,1,0,0.78741,33,5,0,1,1,0,0,1,0.21259
17210,no,0,0,0,0,0,1,0,0.62584,33,5,0,1,1,0,0,1,0.37416
17211,no,0,0,0,0,0,1,0,0.60666,33,5,0,1,1,0,0,1,0.39334
17212,no,0,0,0,0,0,1,0,0.39101,33,1,0,1,1,0,0,1,0.60899
17213,no,0,0,0,0,0,1,0,0.86256,33,7,0,1,1,0,0,1,0.13744
17214,no,0,0,0,0,0,1,0,0.63605,33,2,0,1,1,0,0,1,0.36395
17215,no,0,0,0,0,0,1,0,0.61552,33,2,0,1,1,0,0,1,0.38448
17216,no,0,0,0,0,0,1,0,0.69625,33,1,0,1,1,0,0,1,0.30375
17217,no,0,0,0,0,0,1,0,0.71111,33,1,0,1,1,0,0,1,0.28889
17218,no,0,0,0,0,0,1,0,0.70166,33,2,0,1,1,0,0,1,0.29834
17219,no,0,1,0,1,1,2,0,0.6924,10,4,1,0,0,2,2,3,0.3076
17220,no,0,0,0,0,0,1,0,0.97349,33,2,0,1,1,0,0,1,0.02651
17221,no,0,0,0,0,0,1,0,0.81244,33,2,0,1,1,0,0,1,0.18756
17222,no,0,0,0,0,0,1,0,0.89448,33,2,0,1,1,0,0,1,0.10552
17223,no,0,0,0,0,0,1,0,0.89575,33,2,0,1,1,0,0,1,0.10425
17224,no,0,0,0,0,0,1,0,0.42879,33,2,0,1,1,0,0,1,0.57121
17225,no,0,0,0,0,0,1,0,0.37275,33,4,0,1,1,0,0,1,0.62725
17226,no,0,0,0,0,0,1,0,0.86255,33,2,0,1,1,0,0,1,0.13745
17227,no,0,0,0,0,0,1,0,0.78496,33,2,0,1,1,0,0,1,0.21504
17228,no,0,0,0,0,0,1,0,0.45842,33,2,0,1,1,0,0,1,0.54158
17229,no,0,0,0,0,0,1,0,0.93668,33,4,0,1,1,0,0,1,0.06332
17230,no,0,0,0,0,0,1,0,0.78512,33,2,0,1,1,0,0,1,0.21488
17231,no,0,0,0,0,0,1,0,0.62633,33,2,0,1,1,0,0,1,0.37367
17232,no,0,0,0,0,0,1,0,0.7613,33,2,0,1,1,0,0,1,0.2387
17233,no,0,0,0,0,0,1,0,0.29338,33,6,0,1,1,0,0,1,0.70662
17234,no,0,0,0,0,0,1,0,0.7588,33,2,0,1,1,0,0,1,0.2412
17235,no,0,0,0,0,0,1,0,0.57481,33,5,0,1,1,0,0,1,0.42519
17236,no,0,0,0,0,0,1,0,0.76617,33,5,0,1,1,0,0,1,0.23383
17237,no,0,0,0,0,0,1,0,0.82499,33,6,0,1,1,0,0,1,0.17501
17238,no,0,0,0,0,0,1,0,0.8199,33,6,0,1,1,0,0,1,0.1801
17239,no,0,0,0,0,0,1,0,0.61618,10,2,0,1,1,0,0,1,0.38382
17240,no,0,0,0,0,0,1,0,0.98631,10,2,0,1,1,0,0,1,0.01369
17241,no,0,0,0,0,0,1,0,0.9123,10,2,0,1,1,0,0,1,0.0877
17242,no,0,0,0,0,0,1,0,0.79354,10,2,0,1,1,0,0,1,0.20646
17243,no,0,0,0,0,0,1,0,0.5925,10,2,0,1,1,0,0,1,0.4075
17244,no,0,0,0,0,0,1,0,0.71037,10,4,0,1,1,0,0,1,0.28963
17245,no,0,0,0,0,0,1,0,0.96447,10,2,0,1,1,0,0,1,0.03553
17246,no,0,0,0,0,0,1,0,0.70498,10,2,0,1,1,0,0,1,0.29502
17247,no,0,0,0,0,0,1,0,0.46179,10,2,0,1,1,0,0,1,0.53821
17248,no,0,0,0,0,0,1,0,0.69144,10,5,0,1,1,0,0,1,0.30856
17249,no,0,0,0,0,0,2,0,0.59802,16,5,0,1,1,0,0,2,0.40198
17250,no,0,0,0,0,0,2,0,0.67272,16,2,0,1,1,0,0,2,0.32728
17251,no,0,0,0,0,0,2,0,0.84247,16,2,0,1,1,0,0,2,0.15753
17252,no,0,0,0,0,0,2,0,0.67117,16,5,0,1,1,0,0,2,0.32883
17253,no,0,0,0,0,0,1,0,0.99484,14,6,0,1,1,0,0,1,0.00516
17254,no,0,0,0,0,0,1,0,0.99628,14,6,0,1,1,0,0,1,0.00372
17255,no,0,0,0,0,0,1,0,0.99241,14,6,0,1,1,0,0,1,0.00759
17256,no,0,0,0,0,0,1,0,0.85251,14,5,0,1,1,0,0,1,0.14749
17257,no,0,0,0,0,0,1,0,0.50115,14,6,0,1,1,0,0,1,0.49885
17258,no,0,0,0,0,0,1,0,0.8067,14,7,0,1,1,0,0,1,0.1933
17259,no,0,0,0,0,0,1,0,0.87082,14,7,0,1,1,0,0,1,0.12918
17260,no,0,0,0,0,0,1,0,0.98419,14,7,0,1,1,0,0,1,0.01581
17261,no,0,0,0,0,0,1,0,0.93767,14,7,0,1,1,0,0,1,0.06233
17262,no,0,0,0,0,0,1,0,0.99418,14,7,0,1,1,0,0,1,0.00582
17263,no,0,0,0,0,0,1,0,0.22309,14,5,0,1,1,0,0,1,0.77691
17264,no,0,0,0,0,0,1,0,0.52922,14,7,0,1,1,0,0,1,0.47078
17265,no,0,0,0,0,0,1,0,0.76667,14,6,0,1,1,0,0,1,0.23333
17266,no,0,0,0,0,0,1,0,0.98865,14,6,0,1,1,0,0,1,0.01135
17267,no,4,1,0,0.875,0,1,3,0.96645,3,6,4,1,1,2,1,2,0.03355
17268,no,4,1,0,0.875,0,1,3,0.80879,3,5,4,1,1,2,1,2,0.19121
17269,no,0,0,0,0,0,1,0,0.86431,8,2,0,1,1,0,0,1,0.13569
17270,no,0,0,0,0,0,1,0,0.98253,8,2,0,1,1,0,0,1,0.01747
17271,no,0,0,0,0,0,1,0,0.95957,8,2,0,1,1,0,0,1,0.04043
17272,no,0,0,0,0,0,1,0,0.99681,8,2,0,1,1,0,0,1,0.00319
17273,no,0,0,0,0,0,1,0,0.99285,8,4,0,1,1,0,0,1,0.00715
17274,no,0,0,0,0,0,1,0,0.31049,8,2,0,1,1,0,0,1,0.68951
17275,no,0,0,0,0,0,1,0,0.65992,8,2,0,1,1,0,0,1,0.34008
17276,no,0,0,0,0,0,1,0,0.87986,8,5,0,1,1,0,0,1,0.12014
17277,no,0,0,0,0,0,1,0,0.71377,10,2,0,1,1,0,0,1,0.28623
17278,no,0,0,0,0,0,1,0,0.85091,10,2,0,1,1,0,0,1,0.14909
17279,no,0,0,0,0,0,1,0,0.65826,10,2,0,1,1,0,0,1,0.34174
17280,no,0,0,0,0,0,1,0,0.64945,10,1,0,1,1,0,0,1,0.35055
17281,no,0,0,0,0,0,1,0,0.75793,10,2,0,1,1,0,0,1,0.24207
17282,no,0,0,0,0,0,1,0,0.68587,10,2,0,1,1,0,0,1,0.31413
17283,no,0,0,0,0,0,1,0,0.99842,10,1,0,1,1,0,0,1,0.00158
17284,no,0,0,0,0,0,1,0,0.44458,10,7,0,1,1,0,0,1,0.55542
17285,no,0,0,0,0,0,1,0,0.47354,10,5,0,1,1,0,0,1,0.52646
17286,no,0,0,0,0,0,1,0,0.99989,10,1,0,1,1,0,0,1,0.00011
17287,no,0,0,0,0,0,2,0,0.557,7,6,0,1,1,0,0,2,0.443
17288,no,0,0,0,0,0,2,0,0.91152,7,2,0,1,1,0,0,2,0.08848
17289,no,0,0,0,0,0,2,0,0.72779,7,2,0,1,1,0,0,2,0.27221
17290,no,0,0,0,0,0,2,0,0.46257,7,2,0,1,1,0,0,2,0.53743
17291,no,0,0,0,0,0,2,0,0.49676,7,7,0,1,1,0,0,2,0.50324
17292,no,0,0,0,0,0,2,0,0.99935,7,1,0,1,1,0,0,2,0.00065
17293,no,0,0,0,0,0,2,0,0.36601,7,2,0,1,1,0,0,2,0.63399
17294,no,0,0,1,0,0,1,0,0.94183,1,5,0,1,1,0,0,1,0.05817
17295,no,0,0,1,0,0,1,0,0.97986,1,5,0,1,1,0,0,1,0.02014
17296,no,0,0,1,0,0,1,0,0.97899,1,5,0,1,1,0,0,1,0.02101
17297,no,0,0,0,0,0,1,0,0.70158,6,6,0,1,1,0,0,1,0.29842
17298,no,0,0,0,0,0,1,0,0.8998,6,6,0,1,1,0,0,1,0.1002
17299,no,0,0,0,0,0,1,0,0.7339,6,5,0,1,1,0,0,1,0.2661
17300,no,0,0,0,0,0,1,0,0.37958,6,6,0,1,1,0,0,1,0.62042
17301,no,0,0,0,0,0,1,0,0.98705,6,2,0,1,1,0,0,1,0.01295
17302,no,0,0,0,0,0,1,0,0,0,0,0,1,1,0,0,1,1
17303,no,0,0,1,0,0,1,0,0.98894,1,5,0,1,1,0,0,1,0.01106
17304,no,0,0,1,0,0,1,0,0.87732,1,5,0,1,1,0,0,1,0.12268
17305,no,0,0,1,0,0,1,0,0.97584,1,5,0,1,1,0,0,1,0.02416
17306,no,0,0,1,0,0,1,0,0.99826,1,3,0,1,1,0,0,1,0.00174
17307,no,0,0,0,0,0,1,0,0.33904,17,6,0,1,1,0,0,1,0.66096
17308,no,0,0,0,0,0,1,0,0.99156,3,5,0,1,1,0,0,1,0.00844
17309,no,0,0,0,0,0,1,0,0.70545,17,5,0,1,1,0,0,1,0.29455
17310,no,0,0,0,0,0,1,0,0.96236,3,5,0,1,1,0,0,1,0.03764
17311,no,0,0,0,0,0,1,0,0.94155,9,2,0,1,1,0,0,1,0.05845
17312,no,0,0,0,0,0,1,0,0.37269,9,4,0,1,1,0,0,1,0.62731
17313,no,0,0,0,0,0,1,0,0.32331,9,5,0,1,1,0,0,1,0.67669
17314,no,0,0,0,0,0,1,0,0.54368,9,3,0,1,1,0,0,1,0.45632
17315,no,0,0,0,0,0,1,0,0.38116,9,1,0,1,1,0,0,1,0.61884
17316,no,0,0,0,0,0,1,0,0.96523,9,1,0,1,1,0,0,1,0.03477
17317,no,0,0,0,0,0,1,0,0.61739,9,2,0,1,1,0,0,1,0.38261
17318,no,0,0,0,0,0,1,0,0.55049,9,4,0,1,1,0,0,1,0.44951
17319,no,0,0,0,0,0,1,0,0.96288,9,5,0,1,1,0,0,1,0.03712
17320,no,0,1,1,0,1,2,0,0.61917,1,2,1,0,0,1,2,3,0.38083
17321,no,0,0,0,0,0,1,0,0.51105,3,2,0,1,1,0,0,1,0.48895
17322,no,0,0,0,0,0,1,0,0.63438,3,4,0,1,1,0,0,1,0.36562
17323,no,0,0,0,0,0,1,0,0.98619,3,5,0,1,1,0,0,1,0.01381
17324,no,0,0,0,0,0,2,0,0.86913,12,2,0,1,1,0,0,2,0.13087
17325,no,0,0,0,0,0,2,0,0.54436,12,2,0,1,1,0,0,2,0.45564
17326,no,0,0,0,0,0,2,0,0.80408,12,2,0,1,1,0,0,2,0.19592
17327,no,0,0,0,0,0,2,0,0.94266,12,1,0,1,1,0,0,2,0.05734
17328,no,0,0,0,0,0,2,0,0.55954,12,1,0,1,1,0,0,2,0.44046
17329,no,8,3,1,0.236363636,2,1,3,0.96036,12,6,10,1,1,3,5,4,0.03964
17330,no,0,0,0,0,0,1,0,0.9623,5,2,0,1,1,0,0,1,0.0377
17331,no,0,0,0,0,0,1,0,0.85803,4,5,0,1,1,0,0,1,0.14197
17332,no,0,0,0,0,0,2,0,0.80422,12,2,0,1,1,0,0,2,0.19578
17333,no,0,0,0,0,0,2,0,0.34842,12,7,0,1,1,0,0,2,0.65158
17334,no,0,0,0,0,0,2,0,0.98024,12,5,0,1,1,0,0,2,0.01976
17335,no,0,0,0,0,0,2,0,0.98926,12,6,0,1,1,0,0,2,0.01074
17336,no,0,0,0,0,0,2,0,0.91989,12,2,0,1,1,0,0,2,0.08011
17337,no,4,1,0,0.875,0,1,4,0.87213,11,6,4,1,1,2,1,2,0.12787
17338,no,5,1,0,0.76,0,1,5,0.73939,11,5,5,1,1,2,1,2,0.26061
17339,no,5,1,0,0.76,0,1,5,0.81223,11,6,5,1,1,2,1,2,0.18777
17340,no,0,0,0,0,0,2,0,0.62834,2,2,0,1,1,0,0,2,0.37166
17341,no,0,0,1,0,0,2,0,0.92022,2,5,0,1,1,0,0,2,0.07978
17342,no,0,0,0,0,0,2,0,0.46315,6,2,0,1,1,0,0,2,0.53685
17343,no,0,0,0,0,0,2,0,0.97896,6,2,0,1,1,0,0,2,0.02104
17344,no,0,0,0,0,0,2,0,0.85758,6,1,0,1,1,0,0,2,0.14242
17345,no,0,0,0,0,0,2,0,0.99784,6,1,0,1,1,0,0,2,0.00216
17346,no,0,0,0,0,0,2,0,0.81259,6,2,0,1,1,0,0,2,0.18741
17347,no,0,0,0,0,0,2,0,0.97484,6,2,0,1,1,0,0,2,0.02516
17348,no,0,0,0,0,0,2,0,0.8865,8,1,0,1,1,0,0,2,0.1135
17349,no,0,0,0,0,0,2,0,0.9668,8,2,0,1,1,0,0,2,0.0332
17350,no,0,0,0,0,0,2,0,0.29697,8,1,0,1,1,0,0,2,0.70303
17351,no,0,0,0,0,0,2,0,0.85714,8,2,0,1,1,0,0,2,0.14286
17352,no,0,0,0,0,0,2,0,0.9276,8,2,0,1,1,0,0,2,0.0724
17353,no,0,0,0,0,0,2,0,0.68884,8,4,0,1,1,0,0,2,0.31116
17354,no,0,0,0,0,0,2,0,0.87114,8,4,0,1,1,0,0,2,0.12886
17355,no,0,0,0,0,0,2,0,0.5031,8,4,0,1,1,0,0,2,0.4969
17356,no,0,0,0,0,0,1,0,0.79567,6,2,0,1,1,0,0,1,0.20433
17357,no,0,0,0,0,0,1,0,0.73812,6,2,0,1,1,0,0,1,0.26188
17358,no,0,0,0,0,0,1,0,0.95893,6,2,0,1,1,0,0,1,0.04107
17359,no,0,0,0,0,0,1,0,0.98316,6,2,0,1,1,0,0,1,0.01684
17360,no,0,0,0,0,0,1,0,0.76579,6,1,0,1,1,0,0,1,0.23421
17361,no,0,0,0,0,0,1,0,0.6368,6,5,0,1,1,0,0,1,0.3632
17362,no,0,0,0,0,0,1,0,0.86211,7,5,0,1,1,0,0,1,0.13789
17363,no,0,0,0,0,0,1,0,0.4026,7,5,0,1,1,0,0,1,0.5974
17364,no,0,0,0,0,0,1,0,0.74183,7,2,0,1,1,0,0,1,0.25817
17365,no,0,0,0,0,0,1,0,0.38369,7,4,0,1,1,0,0,1,0.61631
17366,no,0,0,0,0,0,1,0,0.89452,7,5,0,1,1,0,0,1,0.10548
17367,no,0,1,0,1,1,1,0,0.99541,8,1,1,0,0,2,2,2,0.00459
17368,no,0,1,0,1,1,1,0,0.70166,8,1,1,0,0,2,2,2,0.29834
17369,no,0,1,0,1,1,1,0,0.66128,8,2,1,0,0,2,2,2,0.33872
17370,no,0,1,0,1,1,1,0,0.74933,8,7,1,0,0,2,2,2,0.25067
17371,no,0,1,0,1,1,1,0,0.87013,8,2,1,0,0,2,2,2,0.12987
17372,no,0,1,0,1,1,1,0,0.91413,8,2,1,0,0,2,2,2,0.08587
17373,no,0,1,0,1,1,1,0,0.76127,8,2,1,0,0,2,2,2,0.23873
17374,no,0,1,0,1,1,1,0,0.57139,8,3,1,0,0,2,2,2,0.42861
17375,no,0,0,0,0,0,1,0,0.52326,7,1,0,1,1,0,0,1,0.47674
17376,no,0,0,0,0,0,1,0,0.46656,7,2,0,1,1,0,0,1,0.53344
17377,no,2,1,0,1,0,2,2,0.43217,12,1,2,1,1,2,1,3,0.56783
17378,no,0,0,0,0,0,1,0,0.55395,7,2,0,1,1,0,0,1,0.44605
17379,no,8,1,0,0.386363636,0,2,8,0.49842,12,4,8,1,1,1,1,3,0.50158
17380,no,0,0,0,0,0,1,0,0.71281,7,2,0,1,1,0,0,1,0.28719
17381,no,3,1,0,0.696969697,0,2,3,0.61389,12,7,3,1,1,2,1,3,0.38611
17382,no,0,0,0,0,0,1,0,0.4947,7,7,0,1,1,0,0,1,0.5053
17383,no,2,1,0,1,0,2,2,0.71874,12,1,2,1,1,2,1,3,0.28126
17384,no,0,0,0,0,0,1,0,0.37777,7,7,0,1,1,0,0,1,0.62223
17385,no,0,0,0,0,0,1,0,0.53574,7,7,0,1,1,0,0,1,0.46426
17386,no,0,1,0,1,1,1,0,0.95795,11,5,1,0,0,2,2,2,0.04205
17387,no,0,1,0,1,1,1,0,0.72848,11,1,1,0,0,2,2,2,0.27152
17388,no,3,1,0,0.878787879,0,2,3,0.93606,12,2,3,1,1,2,1,3,0.06394
17389,no,0,1,0,1,1,1,0,0.56542,11,5,1,0,0,2,2,2,0.43458
17390,no,2,1,0,1,0,2,2,0.47134,12,4,2,1,1,2,1,3,0.52866
17391,no,0,1,0,1,1,1,0,0.54615,11,6,1,0,0,2,2,2,0.45385
17392,no,0,1,0,1,1,1,0,0.76163,11,7,1,0,0,2,2,2,0.23837
17393,no,0,1,0,1,1,1,0,0.4387,11,1,1,0,0,2,2,2,0.5613
17394,no,38,1,0,0.126794258,0,2,13,0.99986,12,6,38,1,1,1,1,3,0.00014
17395,no,0,1,0,1,1,1,0,0.99394,11,7,1,0,0,2,2,2,0.00606
17396,no,7,1,0,0.428571429,0,2,7,0.98933,12,4,7,1,1,1,1,3,0.01067
17397,no,0,1,0,1,1,1,0,0.59729,11,7,1,0,0,2,2,2,0.40271
17398,no,0,1,0,1,1,1,0,0.77943,11,7,1,0,0,2,2,2,0.22057
17399,no,0,1,0,1,1,1,0,0.6108,11,7,1,0,0,2,2,2,0.3892
17400,no,0,1,0,1,1,1,0,0.62031,11,6,1,0,0,2,2,2,0.37969
17401,no,0,1,0,1,1,1,0,0.96968,3,5,1,0,0,2,2,2,0.03032
17402,no,0,1,0,1,1,1,0,0.98771,3,5,1,0,0,2,2,2,0.01229
17403,no,0,1,0,1,1,1,0,0.32018,3,5,1,0,0,2,2,2,0.67982
17404,no,0,0,0,0,0,1,0,0.79441,4,5,0,1,1,0,0,1,0.20559
17405,no,0,0,0,0,0,1,0,0.92171,4,5,0,1,1,0,0,1,0.07829
17406,no,0,0,0,0,0,1,0,0.95835,4,5,0,1,1,0,0,1,0.04165
17407,no,0,0,0,0,0,1,0,0.49753,4,5,0,1,1,0,0,1,0.50247
17408,no,0,1,0,1,1,1,0,0.98474,5,5,1,0,0,2,2,2,0.01526
17409,no,0,1,0,1,1,1,0,0.96438,5,5,1,0,0,2,2,2,0.03562
17410,no,0,1,0,1,1,1,0,0.97126,5,5,1,0,0,2,2,2,0.02874
17411,no,0,1,0,1,1,1,0,0.33858,5,5,1,0,0,2,2,2,0.66142
17412,no,0,1,0,1,1,1,0,0.97741,5,5,1,0,0,2,2,2,0.02259
17413,no,0,0,0,0,0,1,0,0.34112,2,5,0,1,1,0,0,1,0.65888
17414,no,0,0,0,0,0,1,0,0.98431,2,5,0,1,1,0,0,1,0.01569
17415,no,0,0,0,0,0,2,0,0.93944,8,6,0,1,1,0,0,2,0.06056
17416,no,0,0,0,0,0,2,0,0.39678,8,6,0,1,1,0,0,2,0.60322
17417,no,0,0,0,0,0,2,0,0.65922,8,5,0,1,1,0,0,2,0.34078
17418,no,0,0,0,0,0,2,0,0.7024,8,5,0,1,1,0,0,2,0.2976
17419,no,0,0,0,0,0,2,0,0.95201,8,2,0,1,1,0,0,2,0.04799
17420,no,0,0,0,0,0,1,0,0.41542,3,2,0,1,1,0,0,1,0.58458
17421,no,0,0,0,0,0,2,0,0.46576,8,1,0,1,1,0,0,2,0.53424
17422,no,0,0,0,0,0,2,0,0.65131,8,2,0,1,1,0,0,2,0.34869
17423,no,0,0,0,0,0,2,0,0.98542,8,6,0,1,1,0,0,2,0.01458
17424,no,0,0,0,0,0,1,0,0.97803,5,3,0,1,1,0,0,1,0.02197
17425,no,0,0,0,0,0,1,0,0.99914,5,6,0,1,1,0,0,1,0.00086
17426,no,0,0,0,0,0,1,0,0.92501,5,7,0,1,1,0,0,1,0.07499
17427,no,0,0,0,0,0,1,0,0.97877,5,7,0,1,1,0,0,1,0.02123
17428,no,0,0,0,0,0,1,0,0.9848,5,7,0,1,1,0,0,1,0.0152
17429,no,0,1,0,1,1,2,0,0.68983,8,2,1,0,0,2,2,3,0.31017
17430,no,0,1,0,1,1,2,0,0.99154,8,1,1,0,0,2,2,3,0.00846
17431,no,4,1,0,0.357142857,0,2,2,0.66594,8,7,4,1,1,1,1,3,0.33406
17432,no,0,1,0,1,1,2,0,0.68639,8,7,1,0,0,2,2,3,0.31361
17433,no,0,1,0,1,1,2,0,0.55939,8,7,1,0,0,2,2,3,0.44061
17434,no,0,1,0,1,1,2,0,0.55129,8,2,1,0,0,2,2,3,0.44871
17435,no,4,1,0,0.357142857,0,2,2,0.67013,8,7,4,1,1,1,1,3,0.32987
17436,no,2,1,0,0.642857143,0,2,0,0.89357,8,6,2,1,1,2,1,3,0.10643
17437,no,0,0,0,0,0,1,0,0.56415,3,2,0,1,1,0,0,1,0.43585
17438,no,0,0,0,0,0,1,0,0.69578,3,7,0,1,1,0,0,1,0.30422
17439,no,0,0,0,0,0,1,0,0.85956,6,2,0,1,1,0,0,1,0.14044
17440,no,0,0,0,0,0,1,0,0.99387,6,2,0,1,1,0,0,1,0.00613
17441,no,0,0,0,0,0,1,0,0.85418,6,2,0,1,1,0,0,1,0.14582
17442,no,0,0,0,0,0,1,0,0.85173,6,2,0,1,1,0,0,1,0.14827
17443,no,0,0,0,0,0,1,0,0.76714,6,4,0,1,1,0,0,1,0.23286
17444,no,0,0,0,0,0,1,0,0.93181,6,2,0,1,1,0,0,1,0.06819
17445,no,3,1,0,0.755555556,0,1,3,0.96727,16,5,3,1,1,2,1,2,0.03273
17446,no,4,1,0,0.65,0,1,4,0.60911,16,6,4,1,1,2,1,2,0.39089
17447,no,0,0,1,0,0,1,0,0.56434,1,5,0,1,1,0,0,1,0.43566
17448,no,0,1,0,1,1,1,0,0.69307,5,6,1,0,0,2,2,2,0.30693
17449,no,0,1,0,1,1,1,0,0.78632,5,2,1,0,0,2,2,2,0.21368
17450,no,2,1,0,0.625,0,1,2,0.99771,5,1,2,1,1,2,1,2,0.00229
17451,no,2,1,0,0.625,0,1,2,0.64583,5,1,2,1,1,2,1,2,0.35417
17452,no,0,1,0,1,1,1,0,0.53736,5,5,1,0,0,2,2,2,0.46264
17453,no,0,0,1,0,0,1,0,0.89216,1,2,0,1,1,0,0,1,0.10784
17454,no,0,1,1,0,1,1,0,0.9871,1,6,1,0,0,1,2,2,0.0129
17455,no,0,0,1,0,0,1,0,0.99417,1,5,0,1,1,0,0,1,0.00583
17456,no,0,0,0,0,0,1,0,0.88994,4,1,0,1,1,0,0,1,0.11006
17457,no,0,0,0,0,0,1,0,0.73941,4,5,0,1,1,0,0,1,0.26059
17458,no,0,0,0,0,0,1,0,0.57549,4,2,0,1,1,0,0,1,0.42451
17459,no,0,0,0,0,0,1,0,0.71477,4,2,0,1,1,0,0,1,0.28523
17460,no,0,0,0,0,0,1,0,0.85206,4,5,0,1,1,0,0,1,0.14794
17461,no,0,0,0,0,0,1,0,0.90233,4,5,0,1,1,0,0,1,0.09767
17462,no,0,0,0,0,0,1,0,0.77109,4,5,0,1,1,0,0,1,0.22891
17463,no,0,0,0,0,0,1,0,0.90832,4,5,0,1,1,0,0,1,0.09168
17464,no,0,1,0,1,1,1,0,0.60797,13,3,1,0,0,2,2,2,0.39203
17465,no,0,1,0,1,1,1,0,0.99259,13,7,1,0,0,2,2,2,0.00741
17466,no,0,1,0,1,1,1,0,0.89737,13,6,1,0,0,2,2,2,0.10263
17467,no,0,1,0,1,1,1,0,0.97072,13,6,1,0,0,2,2,2,0.02928
17468,no,0,1,0,1,1,1,0,0.83646,13,5,1,0,0,2,2,2,0.16354
17469,no,0,1,0,1,1,1,0,0.71171,13,6,1,0,0,2,2,2,0.28829
17470,no,0,1,0,1,1,1,0,0.47301,13,6,1,0,0,2,2,2,0.52699
17471,no,0,1,0,1,1,1,0,0.49756,13,5,1,0,0,2,2,2,0.50244
17472,no,0,1,0,1,1,1,0,0.72072,13,6,1,0,0,2,2,2,0.27928
17473,no,0,1,0,1,1,1,0,0.45067,13,6,1,0,0,2,2,2,0.54933
17474,no,0,1,0,1,1,1,0,0.99204,13,3,1,0,0,2,2,2,0.00796
17475,no,0,1,0,1,1,1,0,0.9731,13,6,1,0,0,2,2,2,0.0269
17476,no,0,1,0,1,1,1,0,0.98113,13,6,1,0,0,2,2,2,0.01887
17477,no,0,0,0,0,0,1,0,0.55589,10,2,0,1,1,0,0,1,0.44411
17478,no,0,0,0,0,0,1,0,0.38061,10,2,0,1,1,0,0,1,0.61939
17479,no,0,0,0,0,0,1,0,0.87671,10,2,0,1,1,0,0,1,0.12329
17480,no,0,0,0,0,0,1,0,0.7096,10,4,0,1,1,0,0,1,0.2904
17481,no,0,0,0,0,0,1,0,0.54252,10,7,0,1,1,0,0,1,0.45748
17482,no,0,0,0,0,0,1,0,0.8501,10,5,0,1,1,0,0,1,0.1499
17483,no,0,0,0,0,0,1,0,0.60298,10,6,0,1,1,0,0,1,0.39702
17484,no,0,0,0,0,0,1,0,0.61501,2,6,0,1,1,0,0,1,0.38499
17485,no,0,0,0,0,0,1,0,0.72954,10,6,0,1,1,0,0,1,0.27046
17486,no,0,0,0,0,0,1,0,0.99164,2,6,0,1,1,0,0,1,0.00836
17487,no,0,0,0,0,0,1,0,0.54968,10,5,0,1,1,0,0,1,0.45032
17488,no,0,0,0,0,0,1,0,0.75462,10,5,0,1,1,0,0,1,0.24538
17489,no,0,0,0,0,0,1,0,0.79972,4,3,0,1,1,0,0,1,0.20028
17490,no,0,0,0,0,0,1,0,0.88557,4,3,0,1,1,0,0,1,0.11443
17491,no,0,0,0,0,0,1,0,0.52932,4,6,0,1,1,0,0,1,0.47068
17492,no,0,0,0,0,0,1,0,0.63717,4,6,0,1,1,0,0,1,0.36283
17493,no,0,0,0,0,0,1,0,0.94763,6,5,0,1,1,0,0,1,0.05237
17494,no,0,0,0,0,0,1,0,0.91488,6,5,0,1,1,0,0,1,0.08512
17495,no,0,0,0,0,0,1,0,0.948,6,5,0,1,1,0,0,1,0.052
17496,no,0,0,0,0,0,1,0,0.76174,6,5,0,1,1,0,0,1,0.23826
17497,no,0,0,0,0,0,1,0,0.86013,6,5,0,1,1,0,0,1,0.13987
17498,no,0,0,0,0,0,1,0,0.90596,6,5,0,1,1,0,0,1,0.09404
17499,no,0,0,0,0,0,2,0,0.87243,4,2,0,1,1,0,0,2,0.12757
17500,no,0,0,0,0,0,2,0,0.73186,4,2,0,1,1,0,0,2,0.26814
17501,no,0,0,0,0,0,2,0,0.75456,4,2,0,1,1,0,0,2,0.24544
17502,no,0,0,0,0,0,2,0,0.74245,7,5,0,1,1,0,0,2,0.25755
17503,no,0,0,0,0,0,2,0,0.62032,7,2,0,1,1,0,0,2,0.37968
17504,no,0,0,0,0,0,2,0,0.77743,7,2,0,1,1,0,0,2,0.22257
17505,no,0,0,0,0,0,2,0,0.59976,7,1,0,1,1,0,0,2,0.40024
17506,no,0,0,0,0,0,2,0,0.97841,7,1,0,1,1,0,0,2,0.02159
17507,no,0,0,0,0,0,2,0,0.93594,7,2,0,1,1,0,0,2,0.06406
17508,no,0,0,0,0,0,2,0,0.66605,7,5,0,1,1,0,0,2,0.33395
17509,no,0,0,0,0,0,1,0,0.91526,9,5,0,1,1,0,0,1,0.08474
17510,no,0,0,0,0,0,1,0,0.86244,9,2,0,1,1,0,0,1,0.13756
17511,no,0,0,0,0,0,1,0,0.82606,9,2,0,1,1,0,0,1,0.17394
17512,no,0,0,0,0,0,1,0,0.95669,9,5,0,1,1,0,0,1,0.04331
17513,no,0,0,0,0,0,1,0,0.5569,9,6,0,1,1,0,0,1,0.4431
17514,no,0,0,0,0,0,1,0,0.85674,9,6,0,1,1,0,0,1,0.14326
17515,no,0,0,0,0,0,1,0,0.39091,9,6,0,1,1,0,0,1,0.60909
17516,no,0,0,0,0,0,1,0,0.30301,9,5,0,1,1,0,0,1,0.69699
17517,no,0,0,0,0,0,1,0,0.37,9,2,0,1,1,0,0,1,0.63
17518,no,0,0,0,0,0,1,0,0.64037,10,1,0,1,1,0,0,1,0.35963
17519,no,0,0,0,0,0,1,0,0.86777,10,1,0,1,1,0,0,1,0.13223
17520,no,0,0,0,0,0,1,0,0.58455,10,1,0,1,1,0,0,1,0.41545
17521,no,0,0,0,0,0,1,0,0.46238,10,2,0,1,1,0,0,1,0.53762
17522,no,0,0,0,0,0,1,0,0.90337,10,4,0,1,1,0,0,1,0.09663
17523,no,0,0,0,0,0,2,0,0.54605,2,5,0,1,1,0,0,2,0.45395
17524,no,0,0,0,0,0,2,0,0.84807,2,5,0,1,1,0,0,2,0.15193
17525,no,0,0,0,0,0,1,0,0.32427,10,2,0,1,1,0,0,1,0.67573
17526,no,0,0,0,0,0,1,0,0.56701,10,2,0,1,1,0,0,1,0.43299
17527,no,0,0,0,0,0,1,0,0.68074,10,3,0,1,1,0,0,1,0.31926
17528,no,0,0,0,0,0,1,0,0.80228,10,5,0,1,1,0,0,1,0.19772
17529,no,0,0,0,0,0,1,0,0.86688,10,5,0,1,1,0,0,1,0.13312
17530,no,4,1,0,0.890625,0,2,4,0.81708,17,1,4,1,1,2,1,3,0.18292
17531,no,0,1,0,1,1,2,0,0.89775,17,2,1,0,0,2,2,3,0.10225
17532,no,4,1,0,0.890625,0,2,4,0.81996,17,2,4,1,1,2,1,3,0.18004
17533,no,4,1,0,0.890625,0,2,4,0.99552,17,4,4,1,1,2,1,3,0.00448
17534,no,4,1,0,0.890625,0,2,4,0.97154,17,2,4,1,1,2,1,3,0.02846
17535,no,0,0,0,0,0,2,0,0.72901,8,2,0,1,1,0,0,2,0.27099
17536,no,0,0,0,0,0,2,0,0.26059,8,6,0,1,1,0,0,2,0.73941
17537,no,0,0,0,0,0,2,0,0.44934,8,4,0,1,1,0,0,2,0.55066
17538,no,0,0,0,0,0,2,0,0.9998,8,1,0,1,1,0,0,2,0.0002
17539,no,0,0,0,0,0,2,0,0.74541,8,2,0,1,1,0,0,2,0.25459
17540,no,0,0,0,0,0,2,0,0.9868,8,2,0,1,1,0,0,2,0.0132
17541,no,0,0,0,0,0,2,0,0.62699,8,2,0,1,1,0,0,2,0.37301
17542,no,0,0,0,0,0,2,0,0.39173,8,2,0,1,1,0,0,2,0.60827
17543,no,0,0,0,0,0,1,0,0.97308,22,5,0,1,1,0,0,1,0.02692
17544,no,0,0,0,0,0,1,0,0.88081,22,5,0,1,1,0,0,1,0.11919
17545,no,0,0,0,0,0,1,0,0.91547,22,5,0,1,1,0,0,1,0.08453
17546,no,0,0,0,0,0,1,0,0.9086,22,5,0,1,1,0,0,1,0.0914
17547,no,0,0,0,0,0,1,0,0.91905,22,5,0,1,1,0,0,1,0.08095
17548,no,0,0,0,0,0,1,0,0.68189,22,4,0,1,1,0,0,1,0.31811
17549,no,0,0,0,0,0,1,0,0.43153,22,3,0,1,1,0,0,1,0.56847
17550,no,0,0,0,0,0,1,0,0.38642,22,2,0,1,1,0,0,1,0.61358
17551,no,0,0,0,0,0,1,0,0.59958,22,4,0,1,1,0,0,1,0.40042
17552,no,0,0,0,0,0,1,0,0.86447,22,2,0,1,1,0,0,1,0.13553
17553,no,0,0,0,0,0,1,0,0.4898,22,1,0,1,1,0,0,1,0.5102
17554,no,0,0,0,0,0,1,0,0.53177,22,2,0,1,1,0,0,1,0.46823
17555,no,0,0,0,0,0,1,0,0.93706,22,2,0,1,1,0,0,1,0.06294
17556,no,0,0,0,0,0,1,0,0.63207,22,1,0,1,1,0,0,1,0.36793
17557,no,0,0,0,0,0,1,0,0.30777,22,4,0,1,1,0,0,1,0.69223
17558,no,0,0,0,0,0,1,0,0.38286,22,4,0,1,1,0,0,1,0.61714
17559,no,0,0,0,0,0,1,0,0.64224,22,2,0,1,1,0,0,1,0.35776
17560,no,0,0,0,0,0,1,0,0.42735,22,3,0,1,1,0,0,1,0.57265
17561,no,0,0,0,0,0,1,0,0.92828,22,5,0,1,1,0,0,1,0.07172
17562,no,0,0,0,0,0,1,0,0.89297,22,5,0,1,1,0,0,1,0.10703
17563,no,0,0,0,0,0,1,0,0.93347,22,6,0,1,1,0,0,1,0.06653
17564,no,0,0,0,0,0,1,0,0.99828,22,6,0,1,1,0,0,1,0.00172
17565,no,0,2,0,0.75,2,1,0,0.88122,3,5,2,0,0,3,4,3,0.11878
17566,no,0,1,0,1,1,1,0,0.67072,3,6,1,0,0,2,2,2,0.32928
17567,no,0,2,0,0.75,2,1,0,0.9976,3,6,2,0,0,3,4,3,0.0024
17568,no,0,0,0,0,0,2,0,0.70711,2,4,0,1,1,0,0,2,0.29289
17569,no,0,0,0,0,0,2,0,0.87128,2,2,0,1,1,0,0,2,0.12872
17570,no,0,0,0,0,0,2,0,0.44018,2,7,0,1,1,0,0,2,0.55982
17571,no,0,0,0,0,0,2,0,0.72473,17,2,0,1,1,0,0,2,0.27527
17572,no,0,0,0,0,0,2,0,0.55985,17,2,0,1,1,0,0,2,0.44015
17573,no,0,0,0,0,0,2,0,0.56872,17,2,0,1,1,0,0,2,0.43128
17574,no,0,0,0,0,0,2,0,0.87936,17,1,0,1,1,0,0,2,0.12064
17575,no,0,0,0,0,0,2,0,0.71355,2,2,0,1,1,0,0,2,0.28645
17576,no,0,0,0,0,0,2,0,0.96987,8,2,0,1,1,0,0,2,0.03013
17577,no,0,0,0,0,0,2,0,0.98326,8,2,0,1,1,0,0,2,0.01674
17578,no,0,0,0,0,0,2,0,0.78434,8,2,0,1,1,0,0,2,0.21566
17579,no,0,0,0,0,0,2,0,0.92831,8,2,0,1,1,0,0,2,0.07169
17580,no,0,0,0,0,0,2,0,0.75895,8,2,0,1,1,0,0,2,0.24105
17581,no,0,0,0,0,0,2,0,0.53901,8,2,0,1,1,0,0,2,0.46099
17582,no,0,0,0,0,0,2,0,0.97584,8,4,0,1,1,0,0,2,0.02416
17583,no,0,0,0,0,0,2,0,0.75826,8,2,0,1,1,0,0,2,0.24174
17584,no,0,0,0,0,0,1,0,0.99547,3,6,0,1,1,0,0,1,0.00453
17585,no,0,0,0,0,0,1,0,0.85215,3,6,0,1,1,0,0,1,0.14785
17586,no,0,0,0,0,0,1,0,0.76572,3,6,0,1,1,0,0,1,0.23428
17587,no,0,0,1,0,0,2,0,0.5268,1,7,0,1,1,0,0,2,0.4732
17588,no,0,1,0,1,1,1,0,0.94661,4,1,1,0,0,2,2,2,0.05339
17589,no,0,1,0,1,1,1,0,0.47592,4,1,1,0,0,2,2,2,0.52408
17590,no,0,1,0,1,1,1,0,0.9622,4,1,1,0,0,2,2,2,0.0378
17591,no,0,1,0,1,1,1,0,0.7835,4,2,1,0,0,2,2,2,0.2165
17592,no,0,0,0,0,0,2,0,0.67765,10,6,0,1,1,0,0,2,0.32235
17593,no,0,1,0,1,1,1,0,0.74535,18,1,1,1,1,2,2,2,0.25465
17594,no,2,2,0,0.568627451,1,1,0,0.85285,18,4,3,0,0,3,3,3,0.14715
17595,no,2,1,0,0.764705882,0,1,0,0.49371,18,2,2,0,0,2,1,2,0.50629
17596,no,0,0,0,0,0,2,0,0.56462,6,4,0,1,1,0,0,2,0.43538
17597,no,0,0,0,0,0,2,0,0.8289,6,5,0,1,1,0,0,2,0.1711
17598,no,6,1,1,0.254901961,0,1,2,0.95235,18,6,6,0,0,1,1,2,0.04765
17599,no,5,2,0,0.31372549,1,1,3,0.8167,18,2,6,0,0,2,3,3,0.1833
17600,no,2,1,0,0.764705882,0,1,0,0.60878,18,2,2,0,0,2,1,2,0.39122
17601,no,0,0,0,0,0,2,0,0.88805,6,5,0,1,1,0,0,2,0.11195
17602,no,0,0,0,0,0,2,0,0.88975,6,2,0,1,1,0,0,2,0.11025
17603,no,0,0,0,0,0,2,0,0.84494,6,2,0,1,1,0,0,2,0.15506
17604,no,0,0,0,0,0,1,0,0.54426,7,5,0,1,1,0,0,1,0.45574
17605,no,0,0,0,0,0,1,0,0.33425,7,2,0,1,1,0,0,1,0.66575
17606,no,0,0,0,0,0,1,0,0.82512,7,5,0,1,1,0,0,1,0.17488
17607,no,0,0,0,0,0,1,0,0.95492,7,5,0,1,1,0,0,1,0.04508
17608,no,0,0,0,0,0,1,0,0.97473,7,5,0,1,1,0,0,1,0.02527
17609,no,0,0,0,0,0,1,0,0.99383,7,5,0,1,1,0,0,1,0.00617
17610,no,0,0,0,0,0,1,0,0.89454,7,6,0,1,1,0,0,1,0.10546
17611,no,3,1,0,0.857142857,0,1,3,0.99491,15,6,3,1,1,2,1,2,0.00509
17612,no,4,1,0,0.678571429,0,1,3,0.99612,15,6,4,1,1,2,1,2,0.00388
17613,no,7,1,0,0.510204082,0,1,6,0.74327,15,7,7,1,1,2,1,2,0.25673
17614,no,11,1,0,0.402597403,0,1,10,0.6706,15,2,11,1,1,1,1,2,0.3294
17615,no,9,1,0,0.476190476,0,1,8,0.6237,15,1,9,1,1,1,1,2,0.3763
17616,no,5,1,0,0.7,0,1,4,0.43941,15,4,5,1,1,2,1,2,0.56059
17617,no,12,1,0,0.369047619,0,1,11,0.30341,15,3,12,1,1,1,1,2,0.69659
17618,no,5,1,0,0.7,0,1,4,0.52822,15,2,5,1,1,2,1,2,0.47178
17619,no,5,1,0,0.7,0,1,4,0.61428,15,4,5,1,1,2,1,2,0.38572
17620,no,7,1,0,0.660714286,0,2,4,0.62551,9,5,7,1,1,2,1,3,0.37449
17621,no,4,1,0,0.75,0,2,4,0.91146,9,1,4,1,1,2,1,3,0.08854
17622,no,7,1,0,0.660714286,0,2,4,0.96675,9,6,7,1,1,2,1,3,0.03325
17623,no,4,1,0,0.96875,0,2,4,0.76493,9,7,4,1,1,2,1,3,0.23507
17624,no,4,1,0,0.96875,0,2,4,0.56355,9,7,4,1,1,2,1,3,0.43645
17625,no,4,1,0,0.96875,0,2,4,0.80119,9,1,4,1,1,2,1,3,0.19881
17626,no,4,1,0,0.96875,0,2,4,0.69344,9,1,4,1,1,2,1,3,0.30656
17627,no,4,1,0,0.96875,0,2,4,0.86014,9,4,4,1,1,2,1,3,0.13986
17628,no,11,1,0,0.272727273,0,1,11,0.79536,31,2,11,1,1,1,1,2,0.20464
17629,no,5,1,0,0.613333333,0,1,5,0.7672,31,4,5,1,1,2,1,2,0.2328
17630,no,3,1,0,0.777777778,0,1,3,0.99781,31,1,3,1,1,2,1,2,0.00219
17631,no,3,1,0,0.788888889,0,1,3,0.96076,31,1,3,1,1,2,1,2,0.03924
17632,no,4,1,0,0.591666667,0,1,4,0.97106,31,2,4,1,1,2,1,2,0.02894
17633,no,0,0,0,0,0,1,0,0.99876,4,6,0,1,1,0,0,1,0.00124
17634,no,0,0,0,0,0,1,0,0.40122,4,6,0,1,1,0,0,1,0.59878
17635,no,0,0,0,0,0,1,0,0.7527,4,7,0,1,1,0,0,1,0.2473
17636,no,0,0,0,0,0,1,0,0.71627,4,7,0,1,1,0,0,1,0.28373
17637,no,0,0,0,0,0,1,0,0.34859,9,2,0,1,1,0,0,1,0.65141
17638,no,0,0,0,0,0,1,0,0.84774,9,2,0,1,1,0,0,1,0.15226
17639,no,0,0,0,0,0,1,0,0.98048,9,1,0,1,1,0,0,1,0.01952
17640,no,0,0,0,0,0,1,0,0.34843,9,7,0,1,1,0,0,1,0.65157
17641,no,0,0,0,0,0,1,0,0.62559,9,1,0,1,1,0,0,1,0.37441
17642,no,0,0,0,0,0,1,0,0.89039,9,2,0,1,1,0,0,1,0.10961
17643,no,0,0,0,0,0,1,0,0.53462,9,3,0,1,1,0,0,1,0.46538
17644,no,0,0,0,0,0,1,0,0.50579,9,5,0,1,1,0,0,1,0.49421
17645,no,0,0,0,0,0,1,0,0.98443,9,6,0,1,1,0,0,1,0.01557
17646,no,0,0,0,0,0,1,0,0.64158,10,1,0,1,1,0,0,1,0.35842
17647,no,0,0,0,0,0,1,0,0.57108,10,1,0,1,1,0,0,1,0.42892
17648,no,0,0,0,0,0,1,0,0.9475,10,4,0,1,1,0,0,1,0.0525
17649,no,0,0,0,0,0,1,0,0.62476,10,2,0,1,1,0,0,1,0.37524
17650,no,0,0,0,0,0,1,0,0.97871,10,2,0,1,1,0,0,1,0.02129
17651,no,0,0,0,0,0,1,0,0.97796,10,2,0,1,1,0,0,1,0.02204
17652,no,0,0,0,0,0,1,0,0.451,10,5,0,1,1,0,0,1,0.549
17653,no,0,0,0,0,0,1,0,0.7994,10,4,0,1,1,0,0,1,0.2006
17654,no,0,0,0,0,0,1,0,0.98357,10,1,0,1,1,0,0,1,0.01643
17655,no,0,0,0,0,0,1,0,0.31708,10,1,0,1,1,0,0,1,0.68292
17656,no,2,1,0,0.75,0,1,0,0.71385,3,6,2,1,1,2,1,2,0.28615
17657,no,0,1,0,1,1,1,0,0.43534,3,6,1,0,0,2,2,2,0.56466
17658,no,0,0,0,0,0,1,0,0.82077,5,1,0,1,1,0,0,1,0.17923
17659,no,0,0,0,0,0,1,0,0.99451,5,4,0,1,1,0,0,1,0.00549
17660,no,0,0,0,0,0,1,0,0.45768,5,1,0,1,1,0,0,1,0.54232
17661,no,0,0,0,0,0,1,0,0.46396,5,1,0,1,1,0,0,1,0.53604
17662,no,0,0,0,0,0,1,0,0.79274,5,2,0,1,1,0,0,1,0.20726
17663,no,0,0,0,0,0,2,0,0.70021,7,1,0,1,1,0,0,2,0.29979
17664,no,0,0,0,0,0,2,0,0.95886,7,2,0,1,1,0,0,2,0.04114
17665,no,0,0,0,0,0,2,0,0.54334,7,1,0,1,1,0,0,2,0.45666
17666,no,0,0,0,0,0,2,0,0.99649,7,6,0,1,1,0,0,2,0.00351
17667,no,0,0,0,0,0,2,0,0.792,7,4,0,1,1,0,0,2,0.208
17668,no,0,0,0,0,0,2,0,0.87816,7,2,0,1,1,0,0,2,0.12184
17669,no,0,0,0,0,0,2,0,0.88106,7,2,0,1,1,0,0,2,0.11894
17670,no,0,0,0,0,0,1,0,0.64692,5,1,0,1,1,0,0,1,0.35308
17671,no,0,0,0,0,0,1,0,0.99989,5,1,0,1,1,0,0,1,0.00011
17672,no,0,0,0,0,0,1,0,0.64131,5,2,0,1,1,0,0,1,0.35869
17673,no,0,0,0,0,0,1,0,0.84057,5,2,0,1,1,0,0,1,0.15943
17674,no,0,0,0,0,0,1,0,0.97584,5,6,0,1,1,0,0,1,0.02416
17675,no,3,2,0,0.975,1,2,4,0.78068,11,6,4,1,1,3,3,4,0.21932
17676,no,3,2,0,0.975,1,2,4,0.96932,11,6,4,1,1,3,3,4,0.03068
17677,no,3,1,0,1,0,2,3,0.82099,11,2,3,1,1,2,1,3,0.17901
17678,no,3,2,0,0.975,1,2,4,0.44277,11,7,4,1,1,3,3,4,0.55723
17679,no,3,2,0,0.975,1,2,4,0.7707,11,2,4,1,1,3,3,4,0.2293
17680,no,3,2,0,0.975,1,2,4,0.41678,11,3,4,1,1,3,3,4,0.58322
17681,no,3,2,0,0.975,1,2,4,0.78759,11,2,4,1,1,3,3,4,0.21241
17682,no,3,2,0,0.975,1,2,4,0.83469,11,4,4,1,1,3,3,4,0.16531
17683,no,3,2,0,0.975,1,2,4,0.3199,11,2,4,1,1,3,3,4,0.6801
17684,no,3,2,0,0.975,1,2,4,0.94907,11,2,4,1,1,3,3,4,0.05093
17685,no,0,0,0,0,0,2,0,0.99886,5,2,0,1,1,0,0,2,0.00114
17686,no,0,0,0,0,0,2,0,0.99189,5,4,0,1,1,0,0,2,0.00811
17687,no,0,0,0,0,0,2,0,0.99998,5,1,0,1,1,0,0,2,2E-05
17688,no,0,0,0,0,0,2,0,0.99171,5,1,0,1,1,0,0,2,0.00829
17689,no,0,0,0,0,0,2,0,0.85224,5,2,0,1,1,0,0,2,0.14776
17690,no,0,0,0,0,0,2,0,0.31856,14,1,0,1,1,0,0,2,0.68144
17691,no,0,0,0,0,0,2,0,0.92648,14,4,0,1,1,0,0,2,0.07352
17692,no,0,0,0,0,0,2,0,0.45785,14,2,0,1,1,0,0,2,0.54215
17693,no,0,0,0,0,0,2,0,0.61726,14,4,0,1,1,0,0,2,0.38274
17694,no,0,0,0,0,0,2,0,0.99422,14,2,0,1,1,0,0,2,0.00578
17695,no,0,0,0,0,0,2,0,0.82918,14,1,0,1,1,0,0,2,0.17082
17696,no,0,0,0,0,0,2,0,0.92755,14,5,0,1,1,0,0,2,0.07245
17697,no,0,0,0,0,0,2,0,0.96455,14,1,0,1,1,0,0,2,0.03545
17698,no,0,0,0,0,0,2,0,0.64221,14,2,0,1,1,0,0,2,0.35779
17699,no,0,0,0,0,0,2,0,0.87445,14,2,0,1,1,0,0,2,0.12555
17700,no,0,0,0,0,0,2,0,0.93473,14,2,0,1,1,0,0,2,0.06527
17701,no,0,0,0,0,0,2,0,0.98413,14,6,0,1,1,0,0,2,0.01587
17702,no,0,0,0,0,0,2,0,0.52334,14,4,0,1,1,0,0,2,0.47666
17703,no,0,0,0,0,0,2,0,0.65302,14,2,0,1,1,0,0,2,0.34698
17704,no,0,0,0,0,0,2,0,0.99941,2,2,0,1,1,0,0,2,0.00059
17705,no,0,0,0,0,0,2,0,0.77111,2,2,0,1,1,0,0,2,0.22889
17706,no,0,0,0,0,0,2,0,0.87546,13,2,0,1,1,0,0,2,0.12454
17707,no,0,0,0,0,0,2,0,0.60708,13,2,0,1,1,0,0,2,0.39292
17708,no,0,0,0,0,0,2,0,0.28848,13,6,0,1,1,0,0,2,0.71152
17709,no,0,0,0,0,0,2,0,0.97103,13,4,0,1,1,0,0,2,0.02897
17710,no,0,0,0,0,0,2,0,0.58225,13,5,0,1,1,0,0,2,0.41775
17711,no,0,0,0,0,0,2,0,0.63591,13,7,0,1,1,0,0,2,0.36409
17712,no,0,0,0,0,0,2,0,0.48336,13,7,0,1,1,0,0,2,0.51664
17713,no,0,0,0,0,0,2,0,0.45924,13,6,0,1,1,0,0,2,0.54076
17714,no,0,0,0,0,0,2,0,0.59631,13,7,0,1,1,0,0,2,0.40369
17715,no,0,0,0,0,0,2,0,0.43778,13,1,0,1,1,0,0,2,0.56222
17716,no,0,0,0,0,0,2,0,0.71132,13,1,0,1,1,0,0,2,0.28868
17717,no,0,0,0,0,0,2,0,0.80742,13,1,0,1,1,0,0,2,0.19258
17718,no,0,0,0,0,0,2,0,0.94686,13,6,0,1,1,0,0,2,0.05314
17719,no,0,0,0,0,0,1,0,0.91386,17,2,0,1,1,0,0,1,0.08614
17720,no,0,0,0,0,0,1,0,0.46324,17,4,0,1,1,0,0,1,0.53676
17721,no,0,0,0,0,0,1,0,0.67273,17,1,0,1,1,0,0,1,0.32727
17722,no,0,0,0,0,0,1,0,0.43832,17,7,0,1,1,0,0,1,0.56168
17723,no,0,0,0,0,0,2,0,0,0,0,0,0,0,0,0,2,1
17724,no,0,0,0,0,0,1,0,0.61967,17,7,0,1,1,0,0,1,0.38033
17725,no,0,0,0,0,0,1,0,0.9819,17,1,0,1,1,0,0,1,0.0181
17726,no,0,0,0,0,0,1,0,0.98814,17,1,0,1,1,0,0,1,0.01186
17727,no,0,0,0,0,0,1,0,0.99005,17,1,0,1,1,0,0,1,0.00995
17728,no,0,0,0,0,0,1,0,0.86712,17,1,0,1,1,0,0,1,0.13288
17729,no,0,0,0,0,0,1,0,0.98704,17,4,0,1,1,0,0,1,0.01296
17730,no,0,0,0,0,0,1,0,0.32967,17,3,0,1,1,0,0,1,0.67033
17731,no,5,1,0,0.869565217,0,2,4,0.90528,24,2,5,1,1,2,1,3,0.09472
17732,no,6,1,0,0.797101449,0,2,5,0.77516,24,2,6,1,1,2,1,3,0.22484
17733,no,0,0,0,0,0,1,0,0.4912,17,2,0,1,1,0,0,1,0.5088
17734,no,0,0,0,0,0,1,0,0.63583,17,2,0,1,1,0,0,1,0.36417
17735,no,0,0,0,0,0,1,0,0.99598,17,2,0,1,1,0,0,1,0.00402
17736,no,0,0,0,0,0,1,0,0.66708,17,1,0,1,1,0,0,1,0.33292
17737,no,0,0,0,0,0,1,0,0.74893,17,2,0,1,1,0,0,1,0.25107
17738,no,0,0,0,0,0,1,0,0.72654,17,2,0,1,1,0,0,1,0.27346
17739,no,0,0,0,0,0,1,0,0.40078,8,7,0,1,1,0,0,1,0.59922
17740,no,0,0,0,0,0,1,0,0.54296,8,7,0,1,1,0,0,1,0.45704
17741,no,0,0,0,0,0,1,0,0.41004,8,1,0,1,1,0,0,1,0.58996
17742,no,0,0,0,0,0,1,0,0.39758,8,7,0,1,1,0,0,1,0.60242
17743,no,0,0,0,0,0,1,0,0.63395,8,2,0,1,1,0,0,1,0.36605
17744,no,0,0,0,0,0,1,0,0.46068,8,1,0,1,1,0,0,1,0.53932
17745,no,0,0,0,0,0,1,0,0.55742,8,2,0,1,1,0,0,1,0.44258
17746,no,0,0,0,0,0,1,0,0.5616,8,1,0,1,1,0,0,1,0.4384
17747,no,0,1,1,0,1,2,0,0.88054,1,2,1,0,0,1,2,3,0.11946
17748,no,0,0,0,0,0,1,0,0.64199,10,4,0,1,1,0,0,1,0.35801
17749,no,0,0,0,0,0,1,0,0.39289,10,7,0,1,1,0,0,1,0.60711
17750,no,0,0,0,0,0,1,0,0.89239,8,6,0,1,1,0,0,1,0.10761
17751,no,0,0,0,0,0,1,0,0.49965,9,2,0,1,1,0,0,1,0.50035
17752,no,0,0,0,0,0,1,0,0.92285,9,2,0,1,1,0,0,1,0.07715
17753,no,0,1,0,1,1,1,0,0.69531,59,6,1,0,0,2,2,2,0.30469
17754,no,0,1,0,1,1,1,0,0.67275,59,2,1,0,0,2,2,2,0.32725
17755,no,0,1,0,1,1,1,0,0.54452,59,2,1,0,0,2,2,2,0.45548
17756,no,0,1,0,1,1,1,0,0.41757,59,2,1,0,0,2,2,2,0.58243
17757,no,0,1,0,1,1,1,0,0.407,59,4,1,0,0,2,2,2,0.593
17758,no,0,1,0,1,1,1,0,0.66976,59,2,1,0,0,2,2,2,0.33024
17759,no,0,1,0,1,1,1,0,0.58365,59,4,1,0,0,2,2,2,0.41635
17760,no,4,1,0,0.954545455,0,2,4,0.96525,12,2,4,1,1,2,1,3,0.03475
17761,no,4,1,0,0.954545455,0,2,4,0.93657,12,2,4,1,1,2,1,3,0.06343
17762,no,4,1,0,0.954545455,0,2,4,0.99029,12,1,4,1,1,2,1,3,0.00971
17763,no,4,1,0,0.954545455,0,2,4,0.52786,12,2,4,1,1,2,1,3,0.47214
17764,no,4,1,0,0.954545455,0,2,4,0.97078,12,2,4,1,1,2,1,3,0.02922
17765,no,4,1,0,0.954545455,0,2,4,0.78147,12,2,4,1,1,2,1,3,0.21853
17766,no,0,1,0,1,1,1,0,0.82384,3,6,1,0,0,2,2,2,0.17616
17767,no,7,1,0,0.597402597,0,2,4,0.94248,12,5,7,1,1,2,1,3,0.05752
17768,no,0,0,1,0,0,2,0,0.99482,1,1,0,1,1,0,0,2,0.00518
17769,no,0,0,0,0,0,2,0,0.51718,5,2,0,1,1,0,0,2,0.48282
17770,no,0,0,0,0,0,2,0,0.50024,5,1,0,1,1,0,0,2,0.49976
17771,no,0,0,0,0,0,2,0,0.59318,5,2,0,1,1,0,0,2,0.40682
17772,no,0,0,0,0,0,2,0,0.77735,5,2,0,1,1,0,0,2,0.22265
17773,no,0,0,0,0,0,1,0,0.52337,20,1,0,1,1,0,0,1,0.47663
17774,no,0,0,0,0,0,1,0,0.58483,20,3,0,1,1,0,0,1,0.41517
17775,no,0,0,0,0,0,1,0,0.76631,20,1,0,1,1,0,0,1,0.23369
17776,no,0,0,0,0,0,1,0,0.95794,20,2,0,1,1,0,0,1,0.04206
17777,no,0,0,0,0,0,1,0,0.92156,20,4,0,1,1,0,0,1,0.07844
17778,no,0,0,0,0,0,1,0,0.87493,20,4,0,1,1,0,0,1,0.12507
17779,no,0,0,0,0,0,1,0,0.83007,3,5,0,1,1,0,0,1,0.16993
17780,no,0,0,0,0,0,1,0,0.35057,13,5,0,1,1,0,0,1,0.64943
17781,no,0,0,0,0,0,1,0,0.64805,13,6,0,1,1,0,0,1,0.35195
17782,no,0,0,0,0,0,1,0,0.33793,13,2,0,1,1,0,0,1,0.66207
17783,no,0,0,0,0,0,1,0,0.74316,13,6,0,1,1,0,0,1,0.25684
17784,no,5,1,0,0.763636364,0,2,5,0.99379,12,2,5,1,1,2,1,3,0.00621
17785,no,0,1,0,1,1,2,0,0.92324,18,2,1,0,0,2,2,3,0.07676
17786,no,0,1,0,1,1,2,0,0.78253,18,2,1,0,0,2,2,3,0.21747
17787,no,0,1,0,1,1,2,0,0.55023,18,1,1,0,0,2,2,3,0.44977
17788,no,0,1,0,1,1,2,0,0.91357,18,2,1,0,0,2,2,3,0.08643
17789,no,0,1,0,1,1,2,0,0.49798,18,1,1,0,0,2,2,3,0.50202
17790,no,0,1,0,1,1,2,0,0.55863,18,2,1,0,0,2,2,3,0.44137
17791,no,0,1,0,1,1,2,0,0.4978,18,2,1,0,0,2,2,3,0.5022
17792,no,0,1,0,1,1,2,0,0.68144,18,4,1,0,0,2,2,3,0.31856
17793,no,0,1,0,1,1,2,0,0.50348,18,1,1,0,0,2,2,3,0.49652
17794,no,0,0,0,0,0,1,0,0.93574,20,5,0,1,1,0,0,1,0.06426
17795,no,0,0,0,0,0,1,0,0.66545,20,6,0,1,1,0,0,1,0.33455
17796,no,0,0,0,0,0,1,0,0.74604,10,5,0,1,1,0,0,1,0.25396
17797,no,0,0,0,0,0,1,0,0.74018,10,2,0,1,1,0,0,1,0.25982
17798,no,0,0,0,0,0,1,0,0.5855,10,2,0,1,1,0,0,1,0.4145
17799,no,0,0,0,0,0,1,0,0.53862,10,5,0,1,1,0,0,1,0.46138
17800,no,0,0,0,0,0,1,0,0.98129,10,5,0,1,1,0,0,1,0.01871
17801,no,0,0,0,0,0,1,0,0.943,10,6,0,1,1,0,0,1,0.057
17802,no,0,0,0,0,0,1,0,0.97818,4,1,0,1,1,0,0,1,0.02182
17803,no,0,0,0,0,0,2,0,0.42354,4,5,0,1,1,0,0,2,0.57646
17804,no,0,0,0,0,0,1,0,0.52261,11,6,0,1,1,0,0,1,0.47739
17805,no,0,0,0,0,0,1,0,0.58206,11,5,0,1,1,0,0,1,0.41794
17806,no,0,0,0,0,0,1,0,0.5776,11,7,0,1,1,0,0,1,0.4224
17807,no,0,0,0,0,0,1,0,0.67839,11,4,0,1,1,0,0,1,0.32161
17808,no,0,0,0,0,0,1,0,0.52436,11,2,0,1,1,0,0,1,0.47564
17809,no,0,0,0,0,0,1,0,0.35682,11,4,0,1,1,0,0,1,0.64318
17810,no,0,0,0,0,0,1,0,0.67862,24,7,0,1,1,0,0,1,0.32138
17811,no,0,0,0,0,0,1,0,0.96095,24,2,0,1,1,0,0,1,0.03905
17812,no,0,0,0,0,0,1,0,0.67133,24,5,0,1,1,0,0,1,0.32867
17813,no,0,0,0,0,0,1,0,0.49816,24,1,0,1,1,0,0,1,0.50184
17814,no,0,0,0,0,0,1,0,0.64203,24,1,0,1,1,0,0,1,0.35797
17815,no,0,0,0,0,0,1,0,0.58337,24,6,0,1,1,0,0,1,0.41663
17816,no,0,0,0,0,0,1,0,0.51038,24,6,0,1,1,0,0,1,0.48962
17817,no,0,0,0,0,0,1,0,0.51378,7,4,0,1,1,0,0,1,0.48622
17818,no,0,0,0,0,0,1,0,0.87457,7,6,0,1,1,0,0,1,0.12543
17819,no,0,0,0,0,0,1,0,0.45484,7,5,0,1,1,0,0,1,0.54516
17820,no,0,0,0,0,0,2,0,0.61637,6,4,0,1,1,0,0,2,0.38363
17821,no,0,0,0,0,0,1,0,0.61478,12,3,0,1,1,0,0,1,0.38522
17822,no,0,0,0,0,0,1,0,0.26987,12,1,0,1,1,0,0,1,0.73013
17823,no,0,0,0,0,0,1,0,0.40072,12,5,0,1,1,0,0,1,0.59928
17824,no,0,0,0,0,0,1,0,0.68627,12,5,0,1,1,0,0,1,0.31373
17825,no,0,0,0,0,0,1,0,0.65385,12,5,0,1,1,0,0,1,0.34615
17826,no,0,0,0,0,0,1,0,0.49348,12,6,0,1,1,0,0,1,0.50652
17827,no,0,0,0,0,0,1,0,0.40669,12,3,0,1,1,0,0,1,0.59331
17828,no,0,0,0,0,0,2,0,0.98567,12,2,0,1,1,0,0,2,0.01433
17829,no,0,0,0,0,0,2,0,0.75109,12,1,0,1,1,0,0,2,0.24891
17830,no,0,0,0,0,0,2,0,0.84229,12,4,0,1,1,0,0,2,0.15771
17831,no,0,0,0,0,0,2,0,0.90001,12,6,0,1,1,0,0,2,0.09999
17832,no,0,0,0,0,0,1,0,0.30944,15,1,0,1,1,0,0,1,0.69056
17833,no,0,0,0,0,0,1,0,0.40664,15,7,0,1,1,0,0,1,0.59336
17834,no,0,0,0,0,0,1,0,0.82992,15,2,0,1,1,0,0,1,0.17008
17835,no,0,0,0,0,0,1,0,0.96703,15,2,0,1,1,0,0,1,0.03297
17836,no,0,0,0,0,0,1,0,0.58137,15,2,0,1,1,0,0,1,0.41863
17837,no,0,0,0,0,0,1,0,0.86328,15,2,0,1,1,0,0,1,0.13672
17838,no,0,0,0,0,0,1,0,0.98678,15,2,0,1,1,0,0,1,0.01322
17839,no,0,0,0,0,0,1,0,0.39205,15,1,0,1,1,0,0,1,0.60795
17840,no,0,0,0,0,0,1,0,0.74711,15,2,0,1,1,0,0,1,0.25289
17841,no,0,1,0,1,1,2,0,0.90305,4,2,1,0,0,2,2,3,0.09695
17842,no,0,1,0,1,1,2,0,0.93167,4,4,1,0,0,2,2,3,0.06833
17843,no,0,1,0,1,1,2,0,0.47988,4,4,1,0,0,2,2,3,0.52012
17844,no,0,0,0,0,0,1,0,0.98517,13,2,0,1,1,0,0,1,0.01483
17845,no,0,0,0,0,0,1,0,0.76798,13,3,0,1,1,0,0,1,0.23202
17846,no,0,0,0,0,0,1,0,0.77248,13,2,0,1,1,0,0,1,0.22752
17847,no,0,0,0,0,0,1,0,0.66146,13,6,0,1,1,0,0,1,0.33854
17848,no,0,0,0,0,0,1,0,0.96167,13,6,0,1,1,0,0,1,0.03833
17849,no,0,0,0,0,0,1,0,0.51789,8,6,0,1,1,0,0,1,0.48211
17850,no,0,0,0,0,0,1,0,0.95727,8,2,0,1,1,0,0,1,0.04273
17851,no,0,0,0,0,0,1,0,0.93725,8,2,0,1,1,0,0,1,0.06275
17852,no,0,0,0,0,0,1,0,0.93446,8,2,0,1,1,0,0,1,0.06554
17853,no,0,0,1,0,0,2,0,0.96901,1,2,0,1,1,0,0,2,0.03099
17854,no,0,1,0,1,1,1,0,0.52837,5,5,1,0,0,2,2,2,0.47163
17855,no,0,1,0,1,1,1,0,0.52226,5,3,1,0,0,2,2,2,0.47774
17856,no,0,1,0,1,1,1,0,0.87065,5,5,1,0,0,2,2,2,0.12935
17857,no,0,1,0,1,1,2,0,0.31755,2,2,1,0,0,2,2,3,0.68245
17858,no,0,1,0,1,1,2,0,0.88207,2,2,1,0,0,2,2,3,0.11793
17859,no,0,1,0,1,1,1,0,0.45839,7,2,1,0,0,2,2,2,0.54161
17860,no,0,1,0,1,1,1,0,0.62686,7,2,1,0,0,2,2,2,0.37314
17861,no,0,1,0,1,1,1,0,0.73453,7,2,1,0,0,2,2,2,0.26547
17862,no,0,1,0,1,1,1,0,0.85435,7,2,1,0,0,2,2,2,0.14565
17863,no,0,1,0,1,1,1,0,0.51383,7,2,1,0,0,2,2,2,0.48617
17864,no,3,1,0,0.733333333,0,2,2,0.6969,6,2,3,1,1,2,1,3,0.3031
17865,no,0,1,0,1,1,2,0,0.93435,7,5,1,0,0,2,2,3,0.06565
17866,no,0,1,0,1,1,2,0,0.99908,7,1,1,0,0,2,2,3,0.00092
17867,no,0,1,0,1,1,2,0,0.88687,7,2,1,0,0,2,2,3,0.11313
17868,no,0,1,0,1,1,2,0,0.99443,7,2,1,0,0,2,2,3,0.00557
17869,no,0,1,0,1,1,2,0,0.96015,7,4,1,0,0,2,2,3,0.03985
17870,no,0,1,0,1,1,2,0,0.89972,7,2,1,0,0,2,2,3,0.10028
17871,no,3,1,0,1,0,2,3,0.96743,8,2,3,1,1,2,1,3,0.03257
17872,no,3,1,0,1,0,2,3,0.85109,8,4,3,1,1,2,1,3,0.14891
17873,no,3,2,0,0.854166667,1,1,4,0.96868,13,6,4,1,1,3,3,3,0.03132
17874,no,4,2,0,0.8,1,1,5,0.99328,13,6,5,1,1,3,3,3,0.00672
17875,no,0,1,0,0.195121951,1,1,0,0.61739,42,7,1,1,1,1,2,2,0.38261
17876,no,0,0,0,0,0,1,0,0.95006,42,2,0,1,1,0,0,1,0.04994
17877,no,0,0,0,0,0,1,0,0.98579,42,6,0,1,1,0,0,1,0.01421
17878,no,0,0,0,0,0,1,0,0.96311,42,2,0,1,1,0,0,1,0.03689
17879,no,0,0,0,0,0,1,0,0.44561,42,2,0,1,1,0,0,1,0.55439
17880,no,0,0,0,0,0,1,0,0.93787,42,2,0,1,1,0,0,1,0.06213
17881,no,0,0,0,0,0,1,0,0.5214,42,2,0,1,1,0,0,1,0.4786
17882,no,0,1,0,0.195121951,1,1,0,0.78164,42,2,1,1,1,1,2,2,0.21836
17883,no,0,1,0,0.195121951,1,1,0,0.64503,42,4,1,1,1,1,2,2,0.35497
17884,no,0,1,0,0.195121951,1,1,0,0.62028,42,5,1,1,1,1,2,2,0.37972
17885,no,5,1,0,0.925,0,1,5,0.67343,9,7,5,1,1,2,1,2,0.32657
17886,no,14,1,0,0.625,0,1,14,0.58882,9,4,14,1,1,2,1,2,0.41118
17887,no,10,1,0,0.7125,0,1,10,0.90413,9,2,10,1,1,2,1,2,0.09587
17888,no,14,1,0,0.589285714,0,1,14,0.66409,9,7,14,1,1,2,1,2,0.33591
17889,no,16,1,0,0.578125,0,1,16,0.83678,9,2,16,1,1,2,1,2,0.16322
17890,no,2,1,0,1,0,2,2,0.44195,14,2,2,1,1,2,1,3,0.55805
17891,no,2,1,0,1,0,2,2,0.28247,14,2,2,1,1,2,1,3,0.71753
17892,no,2,1,0,1,0,2,2,0.5671,14,1,2,1,1,2,1,3,0.4329
17893,no,2,1,0,1,0,2,2,0.47022,14,2,2,1,1,2,1,3,0.52978
17894,no,2,1,0,1,0,2,2,0.93851,14,5,2,1,1,2,1,3,0.06149
17895,no,4,1,0,0.5,0,2,4,0.88564,14,2,4,1,1,2,1,3,0.11436
17896,no,2,1,0,1,0,2,2,0.53005,14,2,2,1,1,2,1,3,0.46995
17897,no,3,1,0,0.692307692,0,2,3,0.9934,14,1,3,1,1,2,1,3,0.0066
17898,no,2,1,0,1,0,2,2,0.99849,14,6,2,1,1,2,1,3,0.00151
17899,no,56,2,0,0.035202086,3,2,49,0.99569,14,2,59,0,0,2,5,4,0.00431
17900,no,2,1,0,0.96031746,0,2,2,0.98978,64,2,2,1,1,2,1,3,0.01022
17901,no,2,1,0,0.96031746,0,2,2,0.99748,64,4,2,1,1,2,1,3,0.00252
17902,no,2,1,0,0.96031746,0,2,2,0.69436,64,2,2,1,1,2,1,3,0.30564
17903,no,2,1,0,0.96031746,0,2,2,0.98891,64,2,2,1,1,2,1,3,0.01109
17904,no,2,1,0,0.96031746,0,2,2,0.91446,64,1,2,1,1,2,1,3,0.08554
17905,no,2,1,0,0.96031746,0,2,2,0.82094,64,2,2,1,1,2,1,3,0.17906
17906,no,2,1,0,0.96031746,0,2,2,0.59827,64,7,2,1,1,2,1,3,0.40173
17907,no,2,1,0,0.96031746,0,2,2,0.51518,64,2,2,1,1,2,1,3,0.48482
17908,no,2,1,0,0.96031746,0,2,2,0.85135,64,6,2,1,1,2,1,3,0.14865
17909,no,2,1,0,0.96031746,0,2,2,0.91377,64,2,2,1,1,2,1,3,0.08623
17910,no,2,1,0,0.976190476,0,1,0,0.40739,22,6,2,0,0,2,1,2,0.59261
17911,no,2,1,0,0.976190476,0,1,0,0.98856,22,6,2,0,0,2,1,2,0.01144
17912,no,69,2,1,0.010714286,1,1,13,0.99966,5,6,70,1,1,2,3,3,0.00034
17913,no,25,1,0,0.155,0,1,10,0.94733,9,6,25,1,1,1,1,2,0.05267
17914,no,3,1,0,0.933333333,0,1,3,0.77301,6,6,3,1,1,2,1,2,0.22699
17915,no,2,1,0,1,0,1,2,0.99217,6,3,2,1,1,2,1,2,0.00783
17916,no,4,1,0,0.875,0,2,4,0.54159,9,4,4,1,1,2,1,3,0.45841
17917,no,3,1,0,1,0,2,3,0.96831,9,6,3,1,1,2,1,3,0.03169
17918,no,4,1,0,0.875,0,2,4,0.42725,9,2,4,1,1,2,1,3,0.57275
17919,no,3,1,0,1,0,2,3,0.89219,9,6,3,1,1,2,1,3,0.10781
17920,no,3,1,0,1,0,2,3,0.72198,9,5,3,1,1,2,1,3,0.27802
17921,no,13,1,1,0.230769231,0,2,6,0.99714,9,6,13,1,1,1,1,3,0.00286
17922,no,4,1,0,0.875,0,2,4,0.53161,9,4,4,1,1,2,1,3,0.46839
17923,no,4,1,0,0.875,0,2,4,0.6505,9,7,4,1,1,2,1,3,0.3495
17924,no,4,1,0,0.875,0,2,4,0.78972,9,2,4,1,1,2,1,3,0.21028
17925,no,5,1,0,0.4,0,1,3,0.451,4,5,5,1,1,1,1,2,0.549
17926,no,17,1,0,0.029411765,0,1,2,0.98806,3,6,17,1,1,1,1,2,0.01194
17927,no,40,2,5,0.047619048,2,1,7,0.97581,4,6,42,1,1,2,4,3,0.02419
17928,yes,2,2,0,0.604166667,1,1,3,0.91717,17,2,3,0,0,3,3,3,0.08283
17929,no,0,2,0,0.75,2,1,2,0.61835,17,1,2,0,0,3,4,3,0.38165
17930,yes,3,2,0,0.53125,1,1,3,0.92731,17,2,4,0,0,3,3,3,0.07269
17931,no,2,2,0,0.604166667,1,1,2,0.9711,17,2,3,0,0,3,3,3,0.0289
17932,no,0,2,0,0.75,2,1,2,0.89851,17,2,2,0,0,3,4,3,0.10149
17933,yes,2,2,0,0.604166667,1,1,3,0.9511,17,2,3,0,0,3,3,3,0.0489
17934,no,2,2,0,0.604166667,1,1,2,0.55255,17,4,3,0,0,3,3,3,0.44745
17935,no,4,1,0,0.90625,0,2,4,0.99568,9,2,4,1,1,2,1,3,0.00432
17936,no,4,1,0,0.90625,0,2,4,0.99956,9,1,4,1,1,2,1,3,0.00044
17937,no,3,1,0,1,0,2,3,0.99921,9,1,3,1,1,2,1,3,0.00079
17938,no,5,1,0,0.75,0,2,4,0.86208,9,2,5,1,1,2,1,3,0.13792
17939,no,4,1,0,0.90625,0,2,4,0.68802,9,2,4,1,1,2,1,3,0.31198
17940,no,6,1,0,0.944444444,0,1,5,0.85604,7,2,6,1,1,2,1,2,0.14396
17941,no,11,3,0,0.511904762,3,1,13,0.55277,7,4,14,1,1,4,6,4,0.44723
17942,no,6,1,0,0.944444444,0,1,5,0.9942,7,2,6,1,1,2,1,2,0.0058
17943,no,4,1,0,1,0,1,3,0.98425,7,2,4,1,1,2,1,2,0.01575
17944,no,10,3,0,0.551282051,3,1,12,0.92587,7,2,13,1,1,4,6,4,0.07413
17945,no,7,1,0,0.880952381,0,1,6,0.9998,7,1,7,1,1,2,1,2,0.0002
17946,no,7,1,0,0.880952381,0,1,6,0.5789,7,1,7,1,1,2,1,2,0.4211
17947,no,5,1,0,0.75,0,1,5,0.89575,9,2,5,1,1,2,1,2,0.10425
17948,no,4,1,0,0.90625,0,1,4,0.97821,9,4,4,1,1,2,1,2,0.02179
17949,no,5,1,0,0.825,0,1,4,0.43681,9,4,5,1,1,2,1,2,0.56319
17950,no,5,1,0,0.7,0,1,4,0.806,9,2,5,1,1,2,1,2,0.194
17951,no,9,1,2,0.282051282,0,1,4,0.9893,14,6,9,1,1,1,1,2,0.0107
17952,no,5,1,0,0.523076923,0,1,4,0.4644,14,2,5,1,1,2,1,2,0.5356
17953,no,3,1,0,0.692307692,0,1,3,0.76423,14,2,3,1,1,2,1,2,0.23577
17954,no,4,1,0,0.634615385,0,1,4,0.37402,14,4,4,1,1,2,1,2,0.62598
17955,no,9,1,0,0.427350427,0,1,8,0.48038,14,2,9,1,1,1,1,2,0.51962
17956,no,5,1,0,0.523076923,0,1,4,0.49587,14,2,5,1,1,2,1,2,0.50413
17957,no,4,1,0,0.634615385,0,1,4,0.90043,14,2,4,1,1,2,1,2,0.09957
17958,no,4,1,0,0.634615385,0,1,4,0.61163,14,2,4,1,1,2,1,2,0.38837
17959,no,5,1,0,0.65,0,1,4,0.99183,13,6,5,1,1,2,1,2,0.00817
17960,no,3,1,0,1,0,2,3,0.93783,6,4,3,1,1,2,1,3,0.06217
17961,no,3,1,0,1,0,2,3,0.79055,6,4,3,1,1,2,1,3,0.20945
17962,no,3,1,0,1,0,2,3,0.66909,6,1,3,1,1,2,1,3,0.33091
17963,no,3,1,0,1,0,2,3,0.90265,6,2,3,1,1,2,1,3,0.09735
17964,no,3,1,0,1,0,2,3,0.58201,6,7,3,1,1,2,1,3,0.41799
17965,no,3,1,0,1,0,2,3,0.53643,6,4,3,1,1,2,1,3,0.46357
17966,no,26,1,0,0.492307692,0,1,26,0.83406,6,2,26,1,1,1,1,2,0.16594
17967,no,0,0,0,0,0,1,0,0,0,0,0,0,0,0,0,1,1
17968,no,29,1,0,0.482758621,0,1,29,0.94982,6,2,29,1,1,1,1,2,0.05018
17969,no,0,0,0,0,0,1,0,0.91044,8,2,0,1,1,0,0,1,0.08956
17970,no,0,0,0,0,0,1,0,0.40147,8,2,0,1,1,0,0,1,0.59853
17971,no,0,0,0,0,0,1,0,0.7424,8,2,0,1,1,0,0,1,0.2576
17972,no,0,0,0,0,0,1,0,0.73555,8,7,0,1,1,0,0,1,0.26445
17973,no,0,0,0,0,0,1,0,0.89321,8,7,0,1,1,0,0,1,0.10679
17974,no,0,0,0,0,0,1,0,0.68077,8,7,0,1,1,0,0,1,0.31923
17975,no,0,0,0,0,0,1,0,0.35851,8,6,0,1,1,0,0,1,0.64149
17976,no,0,0,0,0,0,1,0,0.52643,8,4,0,1,1,0,0,1,0.47357
17977,no,4,1,0,1,0,2,4,0.94054,3,2,4,1,1,2,1,3,0.05946
17978,no,4,1,0,1,0,2,4,0.67114,3,2,4,1,1,2,1,3,0.32886
17979,no,4,1,0,1,0,2,4,0.32912,3,4,4,1,1,2,1,3,0.67088
17980,no,0,1,0,1,1,1,0,0.8662,2,3,1,0,0,2,2,2,0.1338
17981,yes,2,2,0,0.333333333,1,2,3,0.94121,2,4,3,1,1,2,3,4,0.05879
17982,no,6,3,0,0.837037037,3,2,9,0.72927,16,4,9,1,1,4,6,5,0.27073
17983,no,4,2,0,0.955555556,2,2,6,0.97807,16,7,6,1,1,3,4,4,0.02193
17984,no,5,3,0,0.891666667,3,2,8,0.81884,16,2,8,1,1,4,6,5,0.18116
17985,no,6,3,0,0.837037037,3,2,9,0.54319,16,2,9,1,1,4,6,5,0.45681
17986,no,10,3,1,0.462962963,8,2,17,0.67179,16,1,18,1,1,3,11,5,0.32821
17987,no,4,3,0,0.491666667,4,2,8,0.96845,16,2,8,1,1,3,7,5,0.03155
17988,no,7,1,0,0.314285714,0,2,6,0.92259,6,2,7,1,1,1,1,3,0.07741
17989,no,2,1,0,0.8,0,2,2,0.95291,6,4,2,1,1,2,1,3,0.04709
17990,no,5,1,0,0.7,0,1,5,0.6885,5,6,5,1,1,2,1,2,0.3115
17991,no,7,1,0,0.662337662,0,1,6,0.9849,12,6,7,1,1,2,1,2,0.0151
17992,no,5,1,0,1,0,1,3,0.78431,7,6,5,1,1,2,1,2,0.21569
17993,no,7,1,0,0.80952381,0,1,5,0.49068,7,7,7,1,1,2,1,2,0.50932
17994,no,10,1,0,0.566666667,0,1,7,0.52744,7,2,10,1,1,2,1,2,0.47256
17995,no,6,1,0,0.944444444,0,1,4,0.69041,7,2,6,1,1,2,1,2,0.30959
17996,no,6,1,0,0.944444444,0,1,4,0.55692,7,2,6,1,1,2,1,2,0.44308
17997,no,5,1,0,1,0,1,3,0.97682,7,6,5,1,1,2,1,2,0.02318
17998,no,6,1,0,1,0,1,5,0.83178,8,6,6,1,1,2,1,2,0.16822
17999,no,13,1,0,0.390532544,0,1,12,0.7273,14,1,13,1,1,1,1,2,0.2727
18000,no,0,0,0,0,0,1,0,0,0,0,0,0,0,0,0,1,1
18001,no,3,1,0,0.5,0,1,3,0.68435,3,2,3,1,1,2,1,2,0.31565
18002,no,2,1,0,0.928571429,0,2,0,0.45747,8,7,2,1,1,2,1,3,0.54253
18003,no,2,1,0,0.928571429,0,2,0,0.89528,8,2,2,1,1,2,1,3,0.10472
18004,no,5,1,0,0.457142857,0,2,0,0.86836,8,2,5,1,1,1,1,3,0.13164
18005,no,3,1,0,0.761904762,0,2,0,0.67001,8,2,3,1,1,2,1,3,0.32999
18006,no,3,1,0,0.761904762,0,2,0,0.99987,8,1,3,1,1,2,1,3,0.00013
18007,no,3,1,0,0.761904762,0,2,0,0.36158,8,4,3,1,1,2,1,3,0.63842
18008,no,0,0,0,0,0,1,0,0,0,0,0,0,0,0,0,1,1
18009,no,0,1,0,1,1,1,0,0.99978,3,3,1,0,0,2,2,2,0.00022
18010,no,24,1,0,0.40625,0,1,20,0.4929,5,2,24,1,1,1,1,2,0.5071
18011,no,23,1,0,0.434782609,0,1,19,0.59339,5,7,23,1,1,1,1,2,0.40661
18012,no,22,1,0,0.454545455,0,1,17,0.94812,5,2,22,1,1,1,1,2,0.05188
18013,no,4,1,0,0.4375,0,1,4,0.79944,5,2,4,1,1,1,1,2,0.20056
18014,no,4,1,0,0.25,0,1,2,0.80982,5,6,4,1,1,1,1,2,0.19018
18015,no,14,1,0,0.535714286,0,1,7,0.99803,5,1,14,1,1,2,1,2,0.00197
18016,no,0,1,0,1,1,1,0,0.96684,5,2,1,0,0,2,2,2,0.03316
18017,no,10,1,0,0.7,0,1,3,0.96729,5,2,10,1,1,2,1,2,0.03271
18018,no,9,1,0,0.166666667,0,1,6,0.99881,3,3,9,1,1,1,1,2,0.00119
18019,no,12,1,0,0.104166667,0,1,3,0.98767,5,6,12,1,1,1,1,2,0.01233
18020,no,18,1,0,0.347222222,0,1,18,0.34249,5,7,18,1,1,1,1,2,0.65751
18021,no,4,1,0,0.8125,0,1,4,0.91176,5,1,4,1,1,2,1,2,0.08824
18022,no,3,1,0,0.833333333,0,1,3,0.95851,5,4,3,1,1,2,1,2,0.04149
18023,no,27,1,0,0.231481481,0,1,26,0.61066,5,2,27,1,1,1,1,2,0.38934
18024,no,5,1,0,0.6,0,1,5,0.89521,7,4,5,1,1,2,1,2,0.10479
18025,no,4,1,0,0.708333333,0,1,4,0.86058,7,2,4,1,1,2,1,2,0.13942
18026,no,0,0,0,0,0,1,0,0,0,0,0,0,0,0,0,1,1
18027,no,5,1,0,0.6,0,1,5,0.95761,7,2,5,1,1,2,1,2,0.04239
18028,no,2,1,4,0,0,1,0,0.75099,1,4,2,0,0,1,1,2,0.24901
18029,no,77,1,0,0.642857143,0,1,66,0.99085,5,4,77,1,1,2,1,2,0.00915
18030,no,0,1,0,1,1,1,0,0.98492,5,2,1,0,0,2,2,2,0.01508
18031,no,0,1,0,1,1,1,0,0.9267,5,2,1,0,0,2,2,2,0.0733
18032,no,0,1,0,1,1,1,0,0.93393,5,2,1,0,0,2,2,2,0.06607
18033,no,0,1,0,1,1,1,0,0.93481,5,7,1,0,0,2,2,2,0.06519
18034,no,0,1,0,1,1,1,0,0.99688,5,6,1,0,0,2,2,2,0.00312
18035,no,0,1,0,0.75,1,1,0,0.97454,5,5,1,0,0,2,2,2,0.02546
18036,no,0,0,0,0,0,1,0,0,0,0,0,0,0,0,0,1,1
18037,no,0,1,0,0.75,1,1,0,0.41496,5,5,1,0,0,2,2,2,0.58504
18038,no,0,1,0,0.75,1,1,0,0.73159,5,5,1,0,0,2,2,2,0.26841
18039,no,0,1,0,0.75,1,1,0,0.87822,5,7,1,0,0,2,2,2,0.12178
18040,no,0,0,0,0,0,1,0,0,0,0,0,0,0,0,0,1,1
18041,no,97,1,2,0.007731959,0,1,54,0.99854,5,6,97,1,1,1,1,2,0.00146
18042,no,58,3,2,0.004098361,3,1,14,0.9846,5,6,61,1,1,3,6,4,0.0154
18043,no,0,1,0,0.75,1,1,0,0.78751,5,4,1,0,0,2,2,2,0.21249
18044,no,0,1,0,0.75,1,1,0,0.86236,5,2,1,0,0,2,2,2,0.13764
18045,no,0,1,0,0.75,1,1,0,0.83571,5,2,1,0,0,2,2,2,0.16429
18046,no,86,1,3,0.00872093,0,1,37,0.99234,5,6,86,1,1,1,1,2,0.00766
18047,no,0,0,0,0,0,1,0,0,0,0,0,0,0,0,0,1,1
18048,no,0,0,0,0,0,1,0,0,0,0,0,0,0,0,0,1,1
18049,no,0,1,0,0.75,1,1,0,0.9114,5,2,1,0,0,2,2,2,0.0886
18050,no,0,1,0,0.75,1,1,0,0.78839,5,2,1,0,0,2,2,2,0.21161
18051,no,0,1,0,1,1,1,0,0.99775,5,3,1,0,0,2,2,2,0.00225
18052,no,0,1,0,1,1,1,0,0.47803,5,4,1,0,0,2,2,2,0.52197
18053,no,0,1,0,1,1,1,0,0.91748,5,2,1,0,0,2,2,2,0.08252
18054,no,0,1,0,1,1,1,0,0.90555,5,2,1,0,0,2,2,2,0.09445
18055,no,0,0,0,0,0,1,0,0,0,0,0,0,0,0,0,1,1
18056,no,9,1,0,0.5,0,1,9,0.64829,5,2,9,1,1,2,1,2,0.35171
18057,no,8,1,0,0.53125,0,1,8,0.69099,5,2,8,1,1,2,1,2,0.30901
18058,no,9,1,0,0.5,0,1,9,0.78648,5,2,9,1,1,2,1,2,0.21352
18059,no,0,0,0,0,0,1,0,0,0,0,0,0,0,0,0,1,1
18060,no,0,0,0,0,0,1,0,0,0,0,0,0,0,0,0,1,1
18061,no,3,1,0,0.25,0,1,3,0.85619,5,4,3,1,1,1,1,2,0.14381
18062,no,2,1,0,0.375,0,1,2,0.96817,5,2,2,1,1,1,1,2,0.03183
18063,no,0,1,0,0.75,1,1,0,0.85729,5,2,1,0,0,2,2,2,0.14271
18064,no,87,1,2,0.011494253,0,1,11,0.94303,5,6,87,1,1,1,1,2,0.05697
18065,no,0,0,0,0,0,1,0,0,0,0,0,0,0,0,0,1,1
18066,no,0,0,0,0,0,1,0,0,0,0,0,0,0,0,0,1,1
18067,no,6,1,0,0.416666667,0,1,5,0.97782,5,1,6,1,1,1,1,2,0.02218
18068,no,6,1,0,0.375,0,1,5,0.90184,5,1,6,1,1,1,1,2,0.09816
18069,no,7,1,0,0.392857143,0,1,6,0.75176,5,2,7,1,1,1,1,2,0.24824
18070,no,0,0,0,0,0,1,0,0,0,0,0,0,0,0,0,1,1
18071,no,0,0,0,0,0,1,0,0,0,0,0,0,0,0,0,1,1
18072,no,0,0,0,0,0,1,0,0,0,0,0,0,0,0,0,1,1
18073,no,0,1,0,0.75,1,1,0,0.63737,5,2,1,0,0,2,2,2,0.36263
18074,no,0,1,0,0.75,1,1,0,0.64518,5,2,1,0,0,2,2,2,0.35482
18075,no,0,1,0,0.75,1,1,0,0.8563,5,2,1,0,0,2,2,2,0.1437
18076,no,0,0,0,0,0,1,0,0,0,0,0,0,0,0,0,1,1
18077,no,0,1,0,1,1,1,0,0.99959,5,3,1,0,0,2,2,2,0.00041
18078,no,5,1,0,0.15,0,1,2,0.99808,5,6,5,1,1,1,1,2,0.00192
18079,no,0,1,0,0.75,1,1,0,0.84145,5,2,1,0,0,2,2,2,0.15855
18080,no,3,1,0,0.916666667,0,1,3,0.96372,5,2,3,1,1,2,1,2,0.03628
18081,no,5,1,0,0.75,0,1,5,0.49052,5,2,5,1,1,2,1,2,0.50948
18082,no,7,1,0,0.678571429,0,1,6,0.70421,5,2,7,1,1,2,1,2,0.29579
18083,no,5,1,0,0.75,0,1,4,0.89005,5,4,5,1,1,2,1,2,0.10995
18084,no,6,1,0,0.75,0,1,6,0.85158,5,2,6,1,1,2,1,2,0.14842
18085,no,0,0,0,0,0,1,0,0,0,0,0,0,0,0,0,1,1
18086,no,0,1,0,0.75,1,1,0,0.75856,5,2,1,0,0,2,2,2,0.24144
18087,no,0,1,0,0.75,1,1,0,0.98968,5,4,1,0,0,2,2,2,0.01032
18088,no,0,1,0,0.75,1,1,0,0.97232,5,2,1,0,0,2,2,2,0.02768
18089,no,0,0,0,0,0,1,0,0,0,0,0,0,0,0,0,1,1
18090,no,10,1,0,0.075,0,1,5,0.9469,5,6,10,1,1,1,1,2,0.0531
18091,no,0,0,0,0,0,1,0,0,0,0,0,0,0,0,0,1,1
18092,no,7,1,0,0.107142857,0,1,2,0.98472,5,6,7,1,1,1,1,2,0.01528
18093,no,0,0,0,0,0,1,0,0,0,0,0,0,0,0,0,1,1
18094,no,0,0,0,0,0,1,0,0,0,0,0,0,0,0,0,1,1
18095,no,0,1,0,0.75,1,1,0,0.98248,5,4,1,0,0,2,2,2,0.01752
18096,no,0,1,0,0.75,1,1,0,0.94059,5,4,1,0,0,2,2,2,0.05941
18097,no,0,1,0,0.75,1,1,0,0.64429,5,2,1,0,0,2,2,2,0.35571
18098,no,0,0,0,0,0,1,0,0,0,0,0,0,0,0,0,1,1
18099,no,0,1,0,0.75,1,1,0,0.39749,5,4,1,0,0,2,2,2,0.60251
18100,no,0,0,0,0,0,1,0,0,0,0,0,0,0,0,0,1,1
18101,no,0,1,0,0.666666667,1,1,0,0.89665,4,2,1,0,0,2,2,2,0.10335
18102,no,2,1,0,0.5,0,1,2,0.68097,4,2,2,1,1,2,1,2,0.31903
18103,no,0,1,0,1,1,1,0,0.49164,4,1,1,0,0,2,2,2,0.50836
18104,no,0,1,0,1,1,1,0,0.37206,4,1,1,0,0,2,2,2,0.62794
18105,no,0,1,0,1,1,1,0,0.99827,4,3,1,0,0,2,2,2,0.00173
18106,no,7,1,0,0.107142857,0,1,2,0.99052,5,6,7,1,1,1,1,2,0.00948
18107,no,0,0,0,0,0,1,0,0,0,0,0,0,0,0,0,1,1
18108,no,6,1,0,0.291666667,0,1,3,0.94881,5,2,6,1,1,1,1,2,0.05119
18109,no,35,1,1,0.214285714,0,1,26,0.63672,5,2,35,1,1,1,1,2,0.36328
18110,no,36,1,0,0.180555556,0,1,29,0.7393,5,2,36,1,1,1,1,2,0.2607
18111,no,0,0,0,0,0,1,0,0,0,0,0,0,0,0,0,1,1
18112,no,0,0,0,0,0,1,0,0,0,0,0,0,0,0,0,1,1
18113,no,0,1,0,1,1,2,0,0.53794,9,7,1,0,0,2,2,3,0.46206
18114,no,0,1,0,1,1,1,0,0.50202,5,6,1,0,0,2,2,2,0.49798
18115,no,0,1,0,1,1,1,0,0.73831,5,5,1,0,0,2,2,2,0.26169
18116,no,2,1,0,0.625,0,1,0,0.99974,5,3,2,1,1,2,1,2,0.00026
18117,no,0,0,0,0,0,1,0,0,0,0,0,0,0,0,0,1,1
18118,no,0,0,0,0,0,1,0,0,0,0,0,1,1,0,0,1,1
18119,no,0,0,0,0,0,1,0,0.85702,5,1,0,1,1,0,0,1,0.14298
18120,no,0,0,0,0,0,1,0,0.82825,5,4,0,1,1,0,0,1,0.17175
18121,no,0,0,0,0,0,1,0,0.78367,5,2,0,1,1,0,0,1,0.21633
18122,no,32,1,2,0.0234375,0,1,10,0.99661,5,6,32,1,1,1,1,2,0.00339
18123,no,0,0,0,0,0,1,0,0,0,0,0,0,0,0,0,1,1
18124,no,0,1,0,0.75,1,1,0,0.62876,5,2,1,0,0,2,2,2,0.37124
18125,no,0,1,0,0.75,1,1,0,0.43331,5,2,1,0,0,2,2,2,0.56669
18126,no,0,1,0,0.75,1,1,0,0.58594,5,2,1,0,0,2,2,2,0.41406
18127,no,2,1,0,0.5,0,1,2,0.99944,4,3,2,1,1,2,1,2,0.00056
18128,no,0,0,0,0,0,1,0,0,0,0,0,0,0,0,0,1,1
18129,no,0,1,0,0.75,1,1,0,0.55533,5,2,1,0,0,2,2,2,0.44467
18130,no,0,1,0,0.75,1,1,0,0.74819,5,2,1,0,0,2,2,2,0.25181
18131,no,0,1,0,0.75,1,1,0,0.94583,5,2,1,0,0,2,2,2,0.05417
18132,no,5,1,0,0.5,0,1,4,0.99777,5,3,5,1,1,2,1,2,0.00223
18133,no,6,1,0,0.666666667,0,1,6,0.77471,5,2,6,1,1,2,1,2,0.22529
18134,no,6,1,0,0.666666667,0,1,6,0.96752,5,2,6,1,1,2,1,2,0.03248
18135,no,6,1,0,0.666666667,0,1,6,0.99881,5,2,6,1,1,2,1,2,0.00119
18136,no,0,0,0,0,0,1,0,0,0,0,0,0,0,0,0,1,1
18137,no,6,1,1,0.166666667,0,1,5,0.99892,5,3,6,1,1,1,1,2,0.00108
18138,no,0,1,0,1,1,1,0,0.8114,5,2,1,0,0,2,2,2,0.1886
18139,no,0,1,0,1,1,1,0,0.58117,5,2,1,0,0,2,2,2,0.41883
18140,no,3,1,0,0.333333333,0,1,3,0.97647,5,2,3,1,1,1,1,2,0.02353
18141,no,0,0,0,0,0,1,0,0,0,0,0,0,0,0,0,1,1
18142,no,0,1,0,0.75,1,1,0,0.42737,5,2,1,0,0,2,2,2,0.57263
18143,no,0,1,0,0.75,1,1,0,0.4707,5,2,1,0,0,2,2,2,0.5293
18144,no,0,1,0,0.75,1,1,0,0.7363,5,2,1,0,0,2,2,2,0.2637
18145,no,2,1,0,0.625,0,1,2,0.99903,5,3,2,1,1,2,1,2,0.00097
18146,no,0,1,0,0.75,1,1,0,0.99632,5,6,1,0,0,2,2,2,0.00368
18147,no,0,1,0,0.75,1,1,0,0.97006,5,2,1,0,0,2,2,2,0.02994
18148,no,0,1,0,0.75,1,1,0,0.97369,5,2,1,0,0,2,2,2,0.02631
18149,no,0,1,0,0.75,1,1,0,0.7151,5,2,1,0,0,2,2,2,0.2849
18150,no,21,1,0,0.166666667,0,1,8,0.99774,5,6,21,1,1,1,1,2,0.00226
18151,no,0,0,0,0,0,1,0,0,0,0,0,0,0,0,0,1,1
18152,no,10,1,0,0.55,0,1,9,0.99521,5,2,10,1,1,2,1,2,0.00479
18153,no,8,1,0,0.59375,0,1,8,0.97972,5,2,8,1,1,2,1,2,0.02028
18154,no,11,1,0,0.522727273,0,1,10,0.95961,5,2,11,1,1,2,1,2,0.04039
18155,no,0,1,0,1,1,1,0,0.99896,5,3,1,0,0,2,2,2,0.00104
18156,no,0,1,0,1,1,1,0,0.95074,5,2,1,0,0,2,2,2,0.04926
18157,no,0,1,0,1,1,1,0,0.9067,5,2,1,0,0,2,2,2,0.0933
18158,no,0,1,0,1,1,1,0,0.98775,5,2,1,0,0,2,2,2,0.01225
18159,no,0,0,0,0,0,1,0,0,0,0,0,0,0,0,0,1,1
18160,no,0,1,0,0.75,1,1,0,0.68228,5,2,1,0,0,2,2,2,0.31772
18161,no,0,1,0,0.75,1,1,0,0.6648,5,1,1,0,0,2,2,2,0.3352
18162,no,0,1,0,0.75,1,1,0,0.56819,5,7,1,0,0,2,2,2,0.43181
18163,no,0,0,0,0,0,1,0,0,0,0,0,0,0,0,0,1,1
18164,no,0,1,0,0.75,1,1,0,0.96735,5,4,1,0,0,2,2,2,0.03265
18165,no,0,1,0,0.75,1,1,0,0.86771,5,2,1,0,0,2,2,2,0.13229
18166,no,0,1,0,0.75,1,1,0,0.99122,5,2,1,0,0,2,2,2,0.00878
18167,no,2,1,0,0.625,0,1,0,0.99949,5,3,2,1,1,2,1,2,0.00051
18168,no,0,0,0,0,0,1,0,0,0,0,0,0,0,0,0,1,1
18169,no,0,2,0,0.375,2,1,0,0.93905,5,2,2,0,0,2,4,3,0.06095
18170,no,2,1,0,0.625,0,1,0,0.99976,5,3,2,1,1,2,1,2,0.00024
18171,no,0,1,0,1,1,1,0,0.5675,5,6,1,0,0,2,2,2,0.4325
18172,no,0,1,0,1,1,1,0,0.49244,5,5,1,0,0,2,2,2,0.50756
18173,no,18,2,5,0.032608696,5,1,5,0.99983,5,6,23,1,1,2,7,3,0.00017
18174,no,0,0,0,0,0,1,0,0,0,0,0,0,0,0,0,1,1
18175,no,0,1,0,0.75,1,1,0,0.90043,5,2,1,0,0,2,2,2,0.09957
18176,no,0,2,0,0.5,2,1,2,0.90505,5,2,2,0,0,3,4,3,0.09495
18177,no,0,2,0,0.5,2,1,2,0.94863,5,2,2,0,0,3,4,3,0.05137
18178,no,0,0,0,0,0,1,0,0,0,0,0,0,0,0,0,1,1
18179,no,0,0,0,0,0,1,0,0,0,0,0,0,0,0,0,1,1
18180,no,0,1,0,0.75,1,1,0,0.85504,5,2,1,0,0,2,2,2,0.14496
18181,no,2,2,0,0.416666667,1,1,2,0.95515,5,2,3,1,1,2,3,3,0.04485
18182,no,2,2,0,0.416666667,1,1,2,0.99252,5,2,3,1,1,2,3,3,0.00748
18183,no,3,1,0,0.666666667,0,1,3,0.98418,5,5,3,1,1,2,1,2,0.01582
18184,no,10,1,0,0.075,0,1,2,0.97571,5,6,10,1,1,1,1,2,0.02429
18185,no,0,0,0,0,0,1,0,0,0,0,0,0,0,0,0,1,1
18186,no,0,1,0,0.75,1,1,0,0.89478,5,4,1,0,0,2,2,2,0.10522
18187,no,0,1,0,0.75,1,1,0,0.70519,5,2,1,0,0,2,2,2,0.29481
18188,no,0,1,0,0.75,1,1,0,0.43556,5,2,1,0,0,2,2,2,0.56444
18189,no,67,1,0,0.055970149,0,1,59,0.99965,5,3,67,1,1,1,1,2,0.00035
18190,no,0,0,0,0,0,1,0,0,0,0,0,0,0,0,0,1,1
18191,no,0,1,0,0.75,1,1,0,0.67427,5,2,1,0,0,2,2,2,0.32573
18192,no,0,0,0,0,0,1,0,0,0,0,0,0,0,0,0,1,1
18193,no,0,1,0,0.75,1,1,0,0.86815,5,2,1,0,0,2,2,2,0.13185
18194,no,0,1,0,0.75,1,1,0,0.57704,5,7,1,0,0,2,2,2,0.42296
18195,no,0,1,0,0.75,1,1,0,0.52837,5,7,1,0,0,2,2,2,0.47163
18196,no,5,1,0,0.2,0,1,3,0.99824,5,6,5,1,1,1,1,2,0.00176
18197,no,0,0,0,0,0,1,0,0,0,0,0,0,0,0,0,1,1
18198,no,47,2,0,0.427083333,1,1,46,0.76042,5,2,48,1,1,2,3,3,0.23958
18199,no,45,2,0,0.434782609,1,1,42,0.37644,5,1,46,1,1,2,3,3,0.62356
18200,no,3,1,0,0.611111111,0,2,0,0.98491,7,6,3,1,1,2,1,3,0.01509
18201,no,7,1,0,0.357142857,0,2,2,0.99996,7,1,7,1,1,1,1,3,4E-05
18202,no,26,2,0,0.073529412,8,2,18,0.34678,7,2,34,0,0,2,10,4,0.65322
18203,no,2,1,0,0.75,0,2,0,0.88657,7,7,2,1,1,2,1,3,0.11343
18204,no,0,1,0,1,1,2,0,0.61195,7,7,1,0,0,2,2,3,0.38805
18205,no,0,1,0,1,1,2,0,0.5049,7,2,1,0,0,2,2,3,0.4951
18206,no,0,1,0,1,1,2,0,0.74873,7,2,1,0,0,2,2,3,0.25127
18207,no,0,0,0,0,0,1,0,0,0,0,0,0,0,0,0,1,1
18208,no,0,0,0,0,0,1,0,0,0,0,0,0,0,0,0,1,1
18209,no,6,1,0,0.125,0,1,6,0.98608,5,1,6,1,1,1,1,2,0.01392
18210,no,0,1,0,0.75,1,1,0,0.99455,5,2,1,0,0,2,2,2,0.00545
18211,no,2,1,0,0.5,0,1,2,0.94876,5,2,2,1,1,2,1,2,0.05124
18212,no,0,0,0,0,0,1,0,0,0,0,0,0,0,0,0,1,1
18213,no,0,1,0,1,1,1,0,0.99916,5,3,1,0,0,2,2,2,0.00084
18214,no,0,1,0,1,1,1,0,0.9047,5,1,1,0,0,2,2,2,0.0953
18215,no,0,1,0,1,1,1,0,0.7188,5,2,1,0,0,2,2,2,0.2812
18216,no,0,1,0,1,1,1,0,0.61979,5,4,1,0,0,2,2,2,0.38021
18217,no,0,0,0,0,0,1,0,0,0,0,0,0,0,0,0,1,1
18218,no,0,1,0,0.75,1,1,0,0.66744,5,2,1,0,0,2,2,2,0.33256
18219,no,3,1,0,0.25,0,1,3,0.92518,5,2,3,1,1,1,1,2,0.07482
18220,no,0,1,0,0.75,1,1,0,0.80346,5,2,1,0,0,2,2,2,0.19654
18221,no,83,1,0,0.009036145,0,1,21,0.99332,5,6,83,1,1,1,1,2,0.00668
18222,no,0,1,0,0.75,1,1,0,0.44335,5,1,1,0,0,2,2,2,0.55665
18223,no,0,1,0,0.75,1,1,0,0.32325,5,1,1,0,0,2,2,2,0.67675
18224,no,0,1,0,0.75,1,1,0,0.89809,5,7,1,0,0,2,2,2,0.10191
18225,no,0,1,0,0.75,1,1,0,0.98465,5,7,1,0,0,2,2,2,0.01535
18226,no,0,0,0,0,0,1,0,0,0,0,0,0,0,0,0,1,1
18227,no,0,0,0,0,0,1,0,0,0,0,0,0,0,0,0,1,1
18228,no,0,0,0,0,0,1,0,0,0,0,0,0,0,0,0,1,1
18229,no,0,1,0,0.75,1,1,0,0.91104,5,4,1,0,0,2,2,2,0.08896
18230,no,0,1,0,0.75,1,1,0,0.47376,5,2,1,0,0,2,2,2,0.52624
18231,no,0,0,0,0,0,1,0,0,0,0,0,1,1,0,0,1,1
18232,no,3,1,0,0.333333333,0,1,2,0.99959,2,3,3,1,1,1,1,2,0.00041
18233,no,23,2,1,0.03125,1,1,11,0.88653,5,6,24,1,1,2,3,3,0.11347
18234,no,8,1,0,0.125,0,1,6,0.99828,2,6,8,1,1,1,1,2,0.00172
18235,no,4,1,0,0.25,0,1,3,0.9977,2,6,4,1,1,1,1,2,0.0023
18236,no,0,0,0,0,0,1,0,0,0,0,0,0,0,0,0,1,1
18237,no,64,2,1,0.011538462,1,1,18,0.99966,5,6,65,1,1,2,3,3,0.00034
18238,no,9,2,0,0.45,1,1,3,0.99894,3,6,10,1,1,2,3,3,0.00106
18239,no,0,0,0,0,0,1,0,0,0,0,0,0,0,0,0,1,1